source,ball,Re,S,CD,CL,method,uncertainty
Lyu2020 SportsEng 23:3 Fig3,Bridgestone B330-RX (330 dual),49410,0.276,0.463,0.079,"vector-extracted marker centres from PDF; S derived from 2250 rpm & S=0.21@Re6.5e4","digitize +-0.002; meas SD CD~0.02 CL~0.01 (4 shots/pt); spin +-250 rpm"
Lyu2020 SportsEng 23:3 Fig3,Bridgestone B330-RX (330 dual),62305,0.219,0.320,-0.020,"vector-extracted marker centres from PDF; S derived from 2250 rpm & S=0.21@Re6.5e4","digitize +-0.002; meas SD CD~0.02 CL~0.01 (4 shots/pt); spin +-250 rpm"
Lyu2020 SportsEng 23:3 Fig3,Bridgestone B330-RX (330 dual),74882,0.182,0.247,0.172,"vector-extracted marker centres from PDF; S derived from 2250 rpm & S=0.21@Re6.5e4","digitize +-0.002; meas SD CD~0.02 CL~0.01 (4 shots/pt); spin +-250 rpm"
Lyu2020 SportsEng 23:3 Fig3,Bridgestone B330-RX (330 dual),100143,0.136,0.215,0.149,"vector-extracted marker centres from PDF; S derived from 2250 rpm & S=0.21@Re6.5e4","digitize +-0.002; meas SD CD~0.02 CL~0.01 (4 shots/pt); spin +-250 rpm"
Lyu2020 SportsEng 23:3 Fig3,Bridgestone B330-RX (330 dual),125693,0.109,0.214,0.177,"vector-extracted marker centres from PDF; S derived from 2250 rpm & S=0.21@Re6.5e4","digitize +-0.002; meas SD CD~0.02 CL~0.01 (4 shots/pt); spin +-250 rpm"
Lyu2020 SportsEng 23:3 Fig3,Bridgestone B330-RX (330 dual),149421,0.091,0.159,0.151,"vector-extracted marker centres from PDF; S derived from 2250 rpm & S=0.21@Re6.5e4","digitize +-0.002; meas SD CD~0.02 CL~0.01 (4 shots/pt); spin +-250 rpm"
Lyu2020 SportsEng 23:3 Fig3,Bridgestone B330-RX (330 dual),174417,0.078,0.191,0.134,"vector-extracted marker centres from PDF; S derived from 2250 rpm & S=0.21@Re6.5e4","digitize +-0.002; meas SD CD~0.02 CL~0.01 (4 shots/pt); spin +-250 rpm"
Lyu2020 SportsEng 23:3 Fig3,Bridgestone B330-RX (330 dual),201183,0.068,0.197,0.130,"vector-extracted marker centres from PDF; S derived from 2250 rpm & S=0.21@Re6.5e4","digitize +-0.002; meas SD CD~0.02 CL~0.01 (4 shots/pt); spin +-250 rpm"
Lyu2020 SportsEng 23:3 Fig3,Callaway ChromeSoft (332 hex),49728,0.274,0.471,0.137,"vector-extracted marker centres from PDF; S derived from 2250 rpm & S=0.21@Re6.5e4","digitize +-0.002; meas SD CD~0.02 CL~0.01 (4 shots/pt); spin +-250 rpm"
Lyu2020 SportsEng 23:3 Fig3,Callaway ChromeSoft (332 hex),62305,0.219,0.375,-0.089,"vector-extracted marker centres from PDF; S derived from 2250 rpm & S=0.21@Re6.5e4","digitize +-0.002; meas SD CD~0.02 CL~0.01 (4 shots/pt); spin +-250 rpm"
Lyu2020 SportsEng 23:3 Fig3,Callaway ChromeSoft (332 hex),75728,0.180,0.267,0.217,"vector-extracted marker centres from PDF; S derived from 2250 rpm & S=0.21@Re6.5e4","digitize +-0.002; meas SD CD~0.02 CL~0.01 (4 shots/pt); spin +-250 rpm"
Lyu2020 SportsEng 23:3 Fig3,Callaway ChromeSoft (332 hex),99614,0.137,0.240,0.186,"vector-extracted marker centres from PDF; S derived from 2250 rpm & S=0.21@Re6.5e4","digitize +-0.002; meas SD CD~0.02 CL~0.01 (4 shots/pt); spin +-250 rpm"
Lyu2020 SportsEng 23:3 Fig3,Callaway ChromeSoft (332 hex),124769,0.109,0.210,0.182,"vector-extracted marker centres from PDF; S derived from 2250 rpm & S=0.21@Re6.5e4","digitize +-0.002; meas SD CD~0.02 CL~0.01 (4 shots/pt); spin +-250 rpm"
Lyu2020 SportsEng 23:3 Fig3,Callaway ChromeSoft (332 hex),149183,0.091,0.191,0.156,"vector-extracted marker centres from PDF; S derived from 2250 rpm & S=0.21@Re6.5e4","digitize +-0.002; meas SD CD~0.02 CL~0.01 (4 shots/pt); spin +-250 rpm"
Lyu2020 SportsEng 23:3 Fig3,Callaway ChromeSoft (332 hex),175183,0.078,0.206,0.122,"vector-extracted marker centres from PDF; S derived from 2250 rpm & S=0.21@Re6.5e4","digitize +-0.002; meas SD CD~0.02 CL~0.01 (4 shots/pt); spin +-250 rpm"
Lyu2020 SportsEng 23:3 Fig3,Callaway ChromeSoft (332 hex),198541,0.069,0.200,0.130,"vector-extracted marker centres from PDF; S derived from 2250 rpm & S=0.21@Re6.5e4","digitize +-0.002; meas SD CD~0.02 CL~0.01 (4 shots/pt); spin +-250 rpm"
Lyu2020 SportsEng 23:3 Fig3,Titleist Pro V1 (352 circ.),50045,0.273,0.488,0.090,"vector-extracted marker centres from PDF; S derived from 2250 rpm & S=0.21@Re6.5e4","digitize +-0.002; meas SD CD~0.02 CL~0.01 (4 shots/pt); spin +-250 rpm"
Lyu2020 SportsEng 23:3 Fig3,Titleist Pro V1 (352 circ.),63045,0.217,0.328,-0.046,"vector-extracted marker centres from PDF; S derived from 2250 rpm & S=0.21@Re6.5e4","digitize +-0.002; meas SD CD~0.02 CL~0.01 (4 shots/pt); spin +-250 rpm"
Lyu2020 SportsEng 23:3 Fig3,Titleist Pro V1 (352 circ.),74460,0.183,0.260,0.143,"vector-extracted marker centres from PDF; S derived from 2250 rpm & S=0.21@Re6.5e4","digitize +-0.002; meas SD CD~0.02 CL~0.01 (4 shots/pt); spin +-250 rpm"
Lyu2020 SportsEng 23:3 Fig3,Titleist Pro V1 (352 circ.),100540,0.136,0.220,0.137,"vector-extracted marker centres from PDF; S derived from 2250 rpm & S=0.21@Re6.5e4","digitize +-0.002; meas SD CD~0.02 CL~0.01 (4 shots/pt); spin +-250 rpm"
Lyu2020 SportsEng 23:3 Fig3,Titleist Pro V1 (352 circ.),126565,0.108,0.179,0.165,"vector-extracted marker centres from PDF; S derived from 2250 rpm & S=0.21@Re6.5e4","digitize +-0.002; meas SD CD~0.02 CL~0.01 (4 shots/pt); spin +-250 rpm"
Lyu2020 SportsEng 23:3 Fig3,Titleist Pro V1 (352 circ.),151059,0.090,0.186,0.121,"vector-extracted marker centres from PDF; S derived from 2250 rpm & S=0.21@Re6.5e4","digitize +-0.002; meas SD CD~0.02 CL~0.01 (4 shots/pt); spin +-250 rpm"
Lyu2020 SportsEng 23:3 Fig3,Titleist Pro V1 (352 circ.),175500,0.078,0.196,0.134,"vector-extracted marker centres from PDF; S derived from 2250 rpm & S=0.21@Re6.5e4","digitize +-0.002; meas SD CD~0.02 CL~0.01 (4 shots/pt); spin +-250 rpm"
Lyu2020 SportsEng 23:3 Fig4,Titleist Pro V1 (352 circ.),50000,0.075,,0.074,"vector-extracted marker centres from PDF; Re is the plotted class label (nominal)","digitize +-0.002; meas SD CL~0.01"
Lyu2020 SportsEng 23:3 Fig4,Titleist Pro V1 (352 circ.),50000,0.086,,0.123,"vector-extracted marker centres from PDF; Re is the plotted class label (nominal)","digitize +-0.002; meas SD CL~0.01"
Lyu2020 SportsEng 23:3 Fig4,Titleist Pro V1 (352 circ.),50000,0.096,,0.119,"vector-extracted marker centres from PDF; Re is the plotted class label (nominal)","digitize +-0.002; meas SD CL~0.01"
Lyu2020 SportsEng 23:3 Fig4,Titleist Pro V1 (352 circ.),50000,0.097,,0.089,"vector-extracted marker centres from PDF; Re is the plotted class label (nominal)","digitize +-0.002; meas SD CL~0.01"
Lyu2020 SportsEng 23:3 Fig4,Titleist Pro V1 (352 circ.),50000,0.124,,0.147,"vector-extracted marker centres from PDF; Re is the plotted class label (nominal)","digitize +-0.002; meas SD CL~0.01"
Lyu2020 SportsEng 23:3 Fig4,Titleist Pro V1 (352 circ.),50000,0.137,,0.122,"vector-extracted marker centres from PDF; Re is the plotted class label (nominal)","digitize +-0.002; meas SD CL~0.01"
Lyu2020 SportsEng 23:3 Fig4,Titleist Pro V1 (352 circ.),50000,0.157,,0.141,"vector-extracted marker centres from PDF; Re is the plotted class label (nominal)","digitize +-0.002; meas SD CL~0.01"
Lyu2020 SportsEng 23:3 Fig4,Titleist Pro V1 (352 circ.),50000,0.170,,0.047,"vector-extracted marker centres from PDF; Re is the plotted class label (nominal)","digitize +-0.002; meas SD CL~0.01"
Lyu2020 SportsEng 23:3 Fig4,Titleist Pro V1 (352 circ.),50000,0.192,,0.083,"vector-extracted marker centres from PDF; Re is the plotted class label (nominal)","digitize +-0.002; meas SD CL~0.01"
Lyu2020 SportsEng 23:3 Fig4,Titleist Pro V1 (352 circ.),50000,0.211,,0.047,"vector-extracted marker centres from PDF; Re is the plotted class label (nominal)","digitize +-0.002; meas SD CL~0.01"
Lyu2020 SportsEng 23:3 Fig4,Titleist Pro V1 (352 circ.),50000,0.238,,-0.005,"vector-extracted marker centres from PDF; Re is the plotted class label (nominal)","digitize +-0.002; meas SD CL~0.01"
Lyu2020 SportsEng 23:3 Fig4,Titleist Pro V1 (352 circ.),50000,0.253,,0.037,"vector-extracted marker centres from PDF; Re is the plotted class label (nominal)","digitize +-0.002; meas SD CL~0.01"
Lyu2020 SportsEng 23:3 Fig4,Titleist Pro V1 (352 circ.),50000,0.270,,0.012,"vector-extracted marker centres from PDF; Re is the plotted class label (nominal)","digitize +-0.002; meas SD CL~0.01"
Lyu2020 SportsEng 23:3 Fig4,Titleist Pro V1 (352 circ.),50000,0.319,,0.060,"vector-extracted marker centres from PDF; Re is the plotted class label (nominal)","digitize +-0.002; meas SD CL~0.01"
Lyu2020 SportsEng 23:3 Fig4,Titleist Pro V1 (352 circ.),50000,0.354,,0.110,"vector-extracted marker centres from PDF; Re is the plotted class label (nominal)","digitize +-0.002; meas SD CL~0.01"
Lyu2020 SportsEng 23:3 Fig4,Titleist Pro V1 (352 circ.),50000,0.360,,0.122,"vector-extracted marker centres from PDF; Re is the plotted class label (nominal)","digitize +-0.002; meas SD CL~0.01"
Lyu2020 SportsEng 23:3 Fig4,Titleist Pro V1 (352 circ.),50000,0.361,,0.153,"vector-extracted marker centres from PDF; Re is the plotted class label (nominal)","digitize +-0.002; meas SD CL~0.01"
Lyu2020 SportsEng 23:3 Fig4,Titleist Pro V1 (352 circ.),60000,0.056,,0.079,"vector-extracted marker centres from PDF; Re is the plotted class label (nominal)","digitize +-0.002; meas SD CL~0.01"
Lyu2020 SportsEng 23:3 Fig4,Titleist Pro V1 (352 circ.),60000,0.078,,0.053,"vector-extracted marker centres from PDF; Re is the plotted class label (nominal)","digitize +-0.002; meas SD CL~0.01"
Lyu2020 SportsEng 23:3 Fig4,Titleist Pro V1 (352 circ.),60000,0.090,,0.033,"vector-extracted marker centres from PDF; Re is the plotted class label (nominal)","digitize +-0.002; meas SD CL~0.01"
Lyu2020 SportsEng 23:3 Fig4,Titleist Pro V1 (352 circ.),60000,0.104,,0.006,"vector-extracted marker centres from PDF; Re is the plotted class label (nominal)","digitize +-0.002; meas SD CL~0.01"
Lyu2020 SportsEng 23:3 Fig4,Titleist Pro V1 (352 circ.),60000,0.111,,-0.011,"vector-extracted marker centres from PDF; Re is the plotted class label (nominal)","digitize +-0.002; meas SD CL~0.01"
Lyu2020 SportsEng 23:3 Fig4,Titleist Pro V1 (352 circ.),60000,0.124,,-0.044,"vector-extracted marker centres from PDF; Re is the plotted class label (nominal)","digitize +-0.002; meas SD CL~0.01"
Lyu2020 SportsEng 23:3 Fig4,Titleist Pro V1 (352 circ.),60000,0.125,,-0.065,"vector-extracted marker centres from PDF; Re is the plotted class label (nominal)","digitize +-0.002; meas SD CL~0.01"
Lyu2020 SportsEng 23:3 Fig4,Titleist Pro V1 (352 circ.),60000,0.177,,-0.092,"vector-extracted marker centres from PDF; Re is the plotted class label (nominal)","digitize +-0.002; meas SD CL~0.01"
Lyu2020 SportsEng 23:3 Fig4,Titleist Pro V1 (352 circ.),60000,0.198,,-0.046,"vector-extracted marker centres from PDF; Re is the plotted class label (nominal)","digitize +-0.002; meas SD CL~0.01"
Lyu2020 SportsEng 23:3 Fig4,Titleist Pro V1 (352 circ.),60000,0.205,,-0.076,"vector-extracted marker centres from PDF; Re is the plotted class label (nominal)","digitize +-0.002; meas SD CL~0.01"
Lyu2020 SportsEng 23:3 Fig4,Titleist Pro V1 (352 circ.),60000,0.208,,-0.017,"vector-extracted marker centres from PDF; Re is the plotted class label (nominal)","digitize +-0.002; meas SD CL~0.01"
Lyu2020 SportsEng 23:3 Fig4,Titleist Pro V1 (352 circ.),60000,0.223,,0.014,"vector-extracted marker centres from PDF; Re is the plotted class label (nominal)","digitize +-0.002; meas SD CL~0.01"
Lyu2020 SportsEng 23:3 Fig4,Titleist Pro V1 (352 circ.),60000,0.252,,0.036,"vector-extracted marker centres from PDF; Re is the plotted class label (nominal)","digitize +-0.002; meas SD CL~0.01"
Lyu2020 SportsEng 23:3 Fig4,Titleist Pro V1 (352 circ.),60000,0.264,,0.055,"vector-extracted marker centres from PDF; Re is the plotted class label (nominal)","digitize +-0.002; meas SD CL~0.01"
Lyu2020 SportsEng 23:3 Fig4,Titleist Pro V1 (352 circ.),60000,0.283,,0.093,"vector-extracted marker centres from PDF; Re is the plotted class label (nominal)","digitize +-0.002; meas SD CL~0.01"
Lyu2020 SportsEng 23:3 Fig4,Titleist Pro V1 (352 circ.),70000,0.046,,0.074,"vector-extracted marker centres from PDF; Re is the plotted class label (nominal)","digitize +-0.002; meas SD CL~0.01"
Lyu2020 SportsEng 23:3 Fig4,Titleist Pro V1 (352 circ.),70000,0.057,,0.046,"vector-extracted marker centres from PDF; Re is the plotted class label (nominal)","digitize +-0.002; meas SD CL~0.01"
Lyu2020 SportsEng 23:3 Fig4,Titleist Pro V1 (352 circ.),70000,0.077,,0.004,"vector-extracted marker centres from PDF; Re is the plotted class label (nominal)","digitize +-0.002; meas SD CL~0.01"
Lyu2020 SportsEng 23:3 Fig4,Titleist Pro V1 (352 circ.),70000,0.082,,0.037,"vector-extracted marker centres from PDF; Re is the plotted class label (nominal)","digitize +-0.002; meas SD CL~0.01"
Lyu2020 SportsEng 23:3 Fig4,Titleist Pro V1 (352 circ.),70000,0.102,,0.057,"vector-extracted marker centres from PDF; Re is the plotted class label (nominal)","digitize +-0.002; meas SD CL~0.01"
Lyu2020 SportsEng 23:3 Fig4,Titleist Pro V1 (352 circ.),70000,0.112,,0.048,"vector-extracted marker centres from PDF; Re is the plotted class label (nominal)","digitize +-0.002; meas SD CL~0.01"
Lyu2020 SportsEng 23:3 Fig4,Titleist Pro V1 (352 circ.),70000,0.119,,0.051,"vector-extracted marker centres from PDF; Re is the plotted class label (nominal)","digitize +-0.002; meas SD CL~0.01"
Lyu2020 SportsEng 23:3 Fig4,Titleist Pro V1 (352 circ.),70000,0.151,,0.091,"vector-extracted marker centres from PDF; Re is the plotted class label (nominal)","digitize +-0.002; meas SD CL~0.01"
Lyu2020 SportsEng 23:3 Fig4,Titleist Pro V1 (352 circ.),70000,0.156,,0.087,"vector-extracted marker centres from PDF; Re is the plotted class label (nominal)","digitize +-0.002; meas SD CL~0.01"
Lyu2020 SportsEng 23:3 Fig4,Titleist Pro V1 (352 circ.),70000,0.189,,0.110,"vector-extracted marker centres from PDF; Re is the plotted class label (nominal)","digitize +-0.002; meas SD CL~0.01"
Lyu2020 SportsEng 23:3 Fig4,Titleist Pro V1 (352 circ.),70000,0.198,,0.133,"vector-extracted marker centres from PDF; Re is the plotted class label (nominal)","digitize +-0.002; meas SD CL~0.01"
Lyu2020 SportsEng 23:3 Fig4,Titleist Pro V1 (352 circ.),70000,0.221,,0.173,"vector-extracted marker centres from PDF; Re is the plotted class label (nominal)","digitize +-0.002; meas SD CL~0.01"
Lyu2020 SportsEng 23:3 Fig4,Titleist Pro V1 (352 circ.),70000,0.226,,0.190,"vector-extracted marker centres from PDF; Re is the plotted class label (nominal)","digitize +-0.002; meas SD CL~0.01"
Lyu2020 SportsEng 23:3 Fig4,Titleist Pro V1 (352 circ.),70000,0.242,,0.209,"vector-extracted marker centres from PDF; Re is the plotted class label (nominal)","digitize +-0.002; meas SD CL~0.01"
Lyu2020 SportsEng 23:3 Fig4,Titleist Pro V1 (352 circ.),70000,0.262,,0.247,"vector-extracted marker centres from PDF; Re is the plotted class label (nominal)","digitize +-0.002; meas SD CL~0.01"
Lyu2020 SportsEng 23:3 Fig4,Titleist Pro V1 (352 circ.),70000,0.333,,0.307,"vector-extracted marker centres from PDF; Re is the plotted class label (nominal)","digitize +-0.002; meas SD CL~0.01"
Lyu2020 SportsEng 23:3 Fig4,Titleist Pro V1 (352 circ.),70000,0.353,,0.303,"vector-extracted marker centres from PDF; Re is the plotted class label (nominal)","digitize +-0.002; meas SD CL~0.01"
Lyu2020 SportsEng 23:3 Fig4,Titleist Pro V1 (352 circ.),75000,0.058,,0.083,"vector-extracted marker centres from PDF; Re is the plotted class label (nominal)","digitize +-0.002; meas SD CL~0.01"
Lyu2020 SportsEng 23:3 Fig4,Titleist Pro V1 (352 circ.),75000,0.062,,0.067,"vector-extracted marker centres from PDF; Re is the plotted class label (nominal)","digitize +-0.002; meas SD CL~0.01"
Lyu2020 SportsEng 23:3 Fig4,Titleist Pro V1 (352 circ.),75000,0.072,,0.078,"vector-extracted marker centres from PDF; Re is the plotted class label (nominal)","digitize +-0.002; meas SD CL~0.01"
Lyu2020 SportsEng 23:3 Fig4,Titleist Pro V1 (352 circ.),75000,0.089,,0.079,"vector-extracted marker centres from PDF; Re is the plotted class label (nominal)","digitize +-0.002; meas SD CL~0.01"
Lyu2020 SportsEng 23:3 Fig4,Titleist Pro V1 (352 circ.),75000,0.099,,0.104,"vector-extracted marker centres from PDF; Re is the plotted class label (nominal)","digitize +-0.002; meas SD CL~0.01"
Lyu2020 SportsEng 23:3 Fig4,Titleist Pro V1 (352 circ.),75000,0.105,,0.110,"vector-extracted marker centres from PDF; Re is the plotted class label (nominal)","digitize +-0.002; meas SD CL~0.01"
Lyu2020 SportsEng 23:3 Fig4,Titleist Pro V1 (352 circ.),75000,0.119,,0.114,"vector-extracted marker centres from PDF; Re is the plotted class label (nominal)","digitize +-0.002; meas SD CL~0.01"
Lyu2020 SportsEng 23:3 Fig4,Titleist Pro V1 (352 circ.),75000,0.139,,0.121,"vector-extracted marker centres from PDF; Re is the plotted class label (nominal)","digitize +-0.002; meas SD CL~0.01"
Lyu2020 SportsEng 23:3 Fig4,Titleist Pro V1 (352 circ.),75000,0.148,,0.151,"vector-extracted marker centres from PDF; Re is the plotted class label (nominal)","digitize +-0.002; meas SD CL~0.01"
Lyu2020 SportsEng 23:3 Fig4,Titleist Pro V1 (352 circ.),75000,0.169,,0.153,"vector-extracted marker centres from PDF; Re is the plotted class label (nominal)","digitize +-0.002; meas SD CL~0.01"
Lyu2020 SportsEng 23:3 Fig4,Titleist Pro V1 (352 circ.),75000,0.184,,0.190,"vector-extracted marker centres from PDF; Re is the plotted class label (nominal)","digitize +-0.002; meas SD CL~0.01"
Lyu2020 SportsEng 23:3 Fig4,Titleist Pro V1 (352 circ.),75000,0.199,,0.198,"vector-extracted marker centres from PDF; Re is the plotted class label (nominal)","digitize +-0.002; meas SD CL~0.01"
Lyu2020 SportsEng 23:3 Fig4,Titleist Pro V1 (352 circ.),75000,0.212,,0.231,"vector-extracted marker centres from PDF; Re is the plotted class label (nominal)","digitize +-0.002; meas SD CL~0.01"
Lyu2020 SportsEng 23:3 Fig4,Titleist Pro V1 (352 circ.),75000,0.256,,0.314,"vector-extracted marker centres from PDF; Re is the plotted class label (nominal)","digitize +-0.002; meas SD CL~0.01"
Lyu2020 SportsEng 23:3 Fig4,Titleist Pro V1 (352 circ.),75000,0.335,,0.336,"vector-extracted marker centres from PDF; Re is the plotted class label (nominal)","digitize +-0.002; meas SD CL~0.01"
Lyu2020 SportsEng 23:3 Fig5,Bridgestone B330-RX (330 dual),65000,0.077,,-0.062,vector-extracted marker centres from PDF,"digitize +-0.002; meas SD CL~0.01"
Lyu2020 SportsEng 23:3 Fig5,Bridgestone B330-RX (330 dual),65000,0.082,,-0.008,vector-extracted marker centres from PDF,"digitize +-0.002; meas SD CL~0.01"
Lyu2020 SportsEng 23:3 Fig5,Bridgestone B330-RX (330 dual),65000,0.087,,-0.082,vector-extracted marker centres from PDF,"digitize +-0.002; meas SD CL~0.01"
Lyu2020 SportsEng 23:3 Fig5,Bridgestone B330-RX (330 dual),65000,0.111,,-0.101,vector-extracted marker centres from PDF,"digitize +-0.002; meas SD CL~0.01"
Lyu2020 SportsEng 23:3 Fig5,Bridgestone B330-RX (330 dual),65000,0.118,,-0.102,vector-extracted marker centres from PDF,"digitize +-0.002; meas SD CL~0.01"
Lyu2020 SportsEng 23:3 Fig5,Bridgestone B330-RX (330 dual),65000,0.149,,-0.058,vector-extracted marker centres from PDF,"digitize +-0.002; meas SD CL~0.01"
Lyu2020 SportsEng 23:3 Fig5,Bridgestone B330-RX (330 dual),65000,0.171,,-0.014,vector-extracted marker centres from PDF,"digitize +-0.002; meas SD CL~0.01"
Lyu2020 SportsEng 23:3 Fig5,Bridgestone B330-RX (330 dual),65000,0.191,,0.002,vector-extracted marker centres from PDF,"digitize +-0.002; meas SD CL~0.01"
Lyu2020 SportsEng 23:3 Fig5,Bridgestone B330-RX (330 dual),65000,0.192,,0.028,vector-extracted marker centres from PDF,"digitize +-0.002; meas SD CL~0.01"
Lyu2020 SportsEng 23:3 Fig5,Bridgestone B330-RX (330 dual),65000,0.200,,0.043,vector-extracted marker centres from PDF,"digitize +-0.002; meas SD CL~0.01"
Lyu2020 SportsEng 23:3 Fig5,Bridgestone B330-RX (330 dual),65000,0.222,,0.028,vector-extracted marker centres from PDF,"digitize +-0.002; meas SD CL~0.01"
Lyu2020 SportsEng 23:3 Fig5,Bridgestone B330-RX (330 dual),65000,0.231,,0.109,vector-extracted marker centres from PDF,"digitize +-0.002; meas SD CL~0.01"
Lyu2020 SportsEng 23:3 Fig5,Bridgestone B330-RX (330 dual),65000,0.235,,0.110,vector-extracted marker centres from PDF,"digitize +-0.002; meas SD CL~0.01"
Lyu2020 SportsEng 23:3 Fig5,Bridgestone B330-RX (330 dual),65000,0.241,,0.154,vector-extracted marker centres from PDF,"digitize +-0.002; meas SD CL~0.01"
Lyu2020 SportsEng 23:3 Fig5,Bridgestone B330-RX (330 dual),65000,0.249,,0.113,vector-extracted marker centres from PDF,"digitize +-0.002; meas SD CL~0.01"
Lyu2020 SportsEng 23:3 Fig5,Bridgestone B330-RX (330 dual),65000,0.262,,0.155,vector-extracted marker centres from PDF,"digitize +-0.002; meas SD CL~0.01"
Lyu2020 SportsEng 23:3 Fig5,Bridgestone B330-RX (330 dual),65000,0.291,,0.160,vector-extracted marker centres from PDF,"digitize +-0.002; meas SD CL~0.01"
Lyu2020 SportsEng 23:3 Fig5,Callaway ChromeSoft (332 hex),65000,0.064,,0.060,vector-extracted marker centres from PDF,"digitize +-0.002; meas SD CL~0.01"
Lyu2020 SportsEng 23:3 Fig5,Callaway ChromeSoft (332 hex),65000,0.075,,0.048,vector-extracted marker centres from PDF,"digitize +-0.002; meas SD CL~0.01"
Lyu2020 SportsEng 23:3 Fig5,Callaway ChromeSoft (332 hex),65000,0.085,,0.015,vector-extracted marker centres from PDF,"digitize +-0.002; meas SD CL~0.01"
Lyu2020 SportsEng 23:3 Fig5,Callaway ChromeSoft (332 hex),65000,0.085,,-0.023,vector-extracted marker centres from PDF,"digitize +-0.002; meas SD CL~0.01"
Lyu2020 SportsEng 23:3 Fig5,Callaway ChromeSoft (332 hex),65000,0.107,,-0.083,vector-extracted marker centres from PDF,"digitize +-0.002; meas SD CL~0.01"
Lyu2020 SportsEng 23:3 Fig5,Callaway ChromeSoft (332 hex),65000,0.143,,-0.136,vector-extracted marker centres from PDF,"digitize +-0.002; meas SD CL~0.01"
Lyu2020 SportsEng 23:3 Fig5,Callaway ChromeSoft (332 hex),65000,0.154,,-0.142,vector-extracted marker centres from PDF,"digitize +-0.002; meas SD CL~0.01"
Lyu2020 SportsEng 23:3 Fig5,Callaway ChromeSoft (332 hex),65000,0.171,,-0.130,vector-extracted marker centres from PDF,"digitize +-0.002; meas SD CL~0.01"
Lyu2020 SportsEng 23:3 Fig5,Callaway ChromeSoft (332 hex),65000,0.187,,-0.023,vector-extracted marker centres from PDF,"digitize +-0.002; meas SD CL~0.01"
Lyu2020 SportsEng 23:3 Fig5,Callaway ChromeSoft (332 hex),65000,0.199,,-0.009,vector-extracted marker centres from PDF,"digitize +-0.002; meas SD CL~0.01"
Lyu2020 SportsEng 23:3 Fig5,Callaway ChromeSoft (332 hex),65000,0.203,,0.012,vector-extracted marker centres from PDF,"digitize +-0.002; meas SD CL~0.01"
Lyu2020 SportsEng 23:3 Fig5,Callaway ChromeSoft (332 hex),65000,0.209,,0.033,vector-extracted marker centres from PDF,"digitize +-0.002; meas SD CL~0.01"
Lyu2020 SportsEng 23:3 Fig5,Callaway ChromeSoft (332 hex),65000,0.246,,0.091,vector-extracted marker centres from PDF,"digitize +-0.002; meas SD CL~0.01"
Lyu2020 SportsEng 23:3 Fig5,Callaway ChromeSoft (332 hex),65000,0.247,,0.079,vector-extracted marker centres from PDF,"digitize +-0.002; meas SD CL~0.01"
Lyu2020 SportsEng 23:3 Fig5,Callaway ChromeSoft (332 hex),65000,0.285,,0.144,vector-extracted marker centres from PDF,"digitize +-0.002; meas SD CL~0.01"
Lyu2020 SportsEng 23:3 Fig5,Titleist Pro V1 (352 circ.),65000,0.083,,-0.061,vector-extracted marker centres from PDF,"digitize +-0.002; meas SD CL~0.01"
Lyu2020 SportsEng 23:3 Fig5,Titleist Pro V1 (352 circ.),65000,0.089,,-0.005,vector-extracted marker centres from PDF,"digitize +-0.002; meas SD CL~0.01"
Lyu2020 SportsEng 23:3 Fig5,Titleist Pro V1 (352 circ.),65000,0.115,,-0.015,vector-extracted marker centres from PDF,"digitize +-0.002; meas SD CL~0.01"
Lyu2020 SportsEng 23:3 Fig5,Titleist Pro V1 (352 circ.),65000,0.128,,-0.042,vector-extracted marker centres from PDF,"digitize +-0.002; meas SD CL~0.01"
Lyu2020 SportsEng 23:3 Fig5,Titleist Pro V1 (352 circ.),65000,0.173,,0.038,vector-extracted marker centres from PDF,"digitize +-0.002; meas SD CL~0.01"
Lyu2020 SportsEng 23:3 Fig5,Titleist Pro V1 (352 circ.),65000,0.181,,0.091,vector-extracted marker centres from PDF,"digitize +-0.002; meas SD CL~0.01"
Lyu2020 SportsEng 23:3 Fig5,Titleist Pro V1 (352 circ.),65000,0.196,,0.086,vector-extracted marker centres from PDF,"digitize +-0.002; meas SD CL~0.01"
Lyu2020 SportsEng 23:3 Fig5,Titleist Pro V1 (352 circ.),65000,0.221,,0.108,vector-extracted marker centres from PDF,"digitize +-0.002; meas SD CL~0.01"
Lyu2020 SportsEng 23:3 Fig5,Titleist Pro V1 (352 circ.),65000,0.231,,0.137,vector-extracted marker centres from PDF,"digitize +-0.002; meas SD CL~0.01"
Lyu2020 SportsEng 23:3 Fig5,Titleist Pro V1 (352 circ.),65000,0.239,,0.007,vector-extracted marker centres from PDF,"digitize +-0.002; meas SD CL~0.01"
Lyu2020 SportsEng 23:3 Fig5,Titleist Pro V1 (352 circ.),65000,0.247,,0.165,vector-extracted marker centres from PDF,"digitize +-0.002; meas SD CL~0.01"
Lyu2020 SportsEng 23:3 Fig5,Titleist Pro V1 (352 circ.),65000,0.258,,0.177,vector-extracted marker centres from PDF,"digitize +-0.002; meas SD CL~0.01"
Lyu2020 SportsEng 23:3 Fig5,Titleist Pro V1 (352 circ.),65000,0.288,,0.228,vector-extracted marker centres from PDF,"digitize +-0.002; meas SD CL~0.01"
Lyu2020 SportsEng 23:3 Fig5,Titleist Pro V1 (352 circ.),65000,0.295,,0.227,vector-extracted marker centres from PDF,"digitize +-0.002; meas SD CL~0.01"
Lyu2020 SportsEng 23:3 Fig5,Titleist Pro V1 (352 circ.),65000,0.305,,0.232,vector-extracted marker centres from PDF,"digitize +-0.002; meas SD CL~0.01"
Lyu2020 SportsEng 23:3 Fig7a,Callaway ChromeSoft (332 hex),53957,,0.440,,"vector-extracted marker centres; spin not stated in caption (spinning test series)","digitize +-0.002; meas SD CD~0.02"
Lyu2020 SportsEng 23:3 Fig7a,Callaway ChromeSoft (332 hex),56003,,0.445,,"vector-extracted marker centres; spin not stated in caption (spinning test series)","digitize +-0.002; meas SD CD~0.02"
Lyu2020 SportsEng 23:3 Fig7a,Callaway ChromeSoft (332 hex),58966,,0.329,,"vector-extracted marker centres; spin not stated in caption (spinning test series)","digitize +-0.002; meas SD CD~0.02"
Lyu2020 SportsEng 23:3 Fig7a,Callaway ChromeSoft (332 hex),61280,,0.331,,"vector-extracted marker centres; spin not stated in caption (spinning test series)","digitize +-0.002; meas SD CD~0.02"
Lyu2020 SportsEng 23:3 Fig7a,Callaway ChromeSoft (332 hex),63363,,0.363,,"vector-extracted marker centres; spin not stated in caption (spinning test series)","digitize +-0.002; meas SD CD~0.02"
Lyu2020 SportsEng 23:3 Fig7a,Callaway ChromeSoft (332 hex),64761,,0.333,,"vector-extracted marker centres; spin not stated in caption (spinning test series)","digitize +-0.002; meas SD CD~0.02"
Lyu2020 SportsEng 23:3 Fig7a,Callaway ChromeSoft (332 hex),66320,,0.273,,"vector-extracted marker centres; spin not stated in caption (spinning test series)","digitize +-0.002; meas SD CD~0.02"
Lyu2020 SportsEng 23:3 Fig7a,Callaway ChromeSoft (332 hex),68942,,0.269,,"vector-extracted marker centres; spin not stated in caption (spinning test series)","digitize +-0.002; meas SD CD~0.02"
Lyu2020 SportsEng 23:3 Fig7a,Callaway ChromeSoft (332 hex),71039,,0.263,,"vector-extracted marker centres; spin not stated in caption (spinning test series)","digitize +-0.002; meas SD CD~0.02"
Lyu2020 SportsEng 23:3 Fig7a,Callaway ChromeSoft (332 hex),74561,,0.251,,"vector-extracted marker centres; spin not stated in caption (spinning test series)","digitize +-0.002; meas SD CD~0.02"
Lyu2020 SportsEng 23:3 Fig7a,Bridgestone B330-RX (330 dual),52074,,0.431,,"vector-extracted marker centres; spin not stated in caption (spinning test series)","digitize +-0.002; meas SD CD~0.02"
Lyu2020 SportsEng 23:3 Fig7a,Bridgestone B330-RX (330 dual),53746,,0.371,,"vector-extracted marker centres; spin not stated in caption (spinning test series)","digitize +-0.002; meas SD CD~0.02"
Lyu2020 SportsEng 23:3 Fig7a,Bridgestone B330-RX (330 dual),57018,,0.337,,"vector-extracted marker centres; spin not stated in caption (spinning test series)","digitize +-0.002; meas SD CD~0.02"
Lyu2020 SportsEng 23:3 Fig7a,Bridgestone B330-RX (330 dual),59089,,0.347,,"vector-extracted marker centres; spin not stated in caption (spinning test series)","digitize +-0.002; meas SD CD~0.02"
Lyu2020 SportsEng 23:3 Fig7a,Bridgestone B330-RX (330 dual),62295,,0.321,,"vector-extracted marker centres; spin not stated in caption (spinning test series)","digitize +-0.002; meas SD CD~0.02"
Lyu2020 SportsEng 23:3 Fig7a,Bridgestone B330-RX (330 dual),66194,,0.284,,"vector-extracted marker centres; spin not stated in caption (spinning test series)","digitize +-0.002; meas SD CD~0.02"
Lyu2020 SportsEng 23:3 Fig7a,Bridgestone B330-RX (330 dual),68422,,0.264,,"vector-extracted marker centres; spin not stated in caption (spinning test series)","digitize +-0.002; meas SD CD~0.02"
Lyu2020 SportsEng 23:3 Fig7a,Bridgestone B330-RX (330 dual),70710,,0.266,,"vector-extracted marker centres; spin not stated in caption (spinning test series)","digitize +-0.002; meas SD CD~0.02"
Lyu2020 SportsEng 23:3 Fig7a,Bridgestone B330-RX (330 dual),72892,,0.268,,"vector-extracted marker centres; spin not stated in caption (spinning test series)","digitize +-0.002; meas SD CD~0.02"
Lyu2020 SportsEng 23:3 Fig7a,Titleist Pro V1 (352 circ.),51667,,0.417,,"vector-extracted marker centres; spin not stated in caption (spinning test series)","digitize +-0.002; meas SD CD~0.02"
Lyu2020 SportsEng 23:3 Fig7a,Titleist Pro V1 (352 circ.),55007,,0.393,,"vector-extracted marker centres; spin not stated in caption (spinning test series)","digitize +-0.002; meas SD CD~0.02"
Lyu2020 SportsEng 23:3 Fig7a,Titleist Pro V1 (352 circ.),57297,,0.371,,"vector-extracted marker centres; spin not stated in caption (spinning test series)","digitize +-0.002; meas SD CD~0.02"
Lyu2020 SportsEng 23:3 Fig7a,Titleist Pro V1 (352 circ.),59555,,0.338,,"vector-extracted marker centres; spin not stated in caption (spinning test series)","digitize +-0.002; meas SD CD~0.02"
Lyu2020 SportsEng 23:3 Fig7a,Titleist Pro V1 (352 circ.),63618,,0.325,,"vector-extracted marker centres; spin not stated in caption (spinning test series)","digitize +-0.002; meas SD CD~0.02"
Lyu2020 SportsEng 23:3 Fig7a,Titleist Pro V1 (352 circ.),65838,,0.311,,"vector-extracted marker centres; spin not stated in caption (spinning test series)","digitize +-0.002; meas SD CD~0.02"
Lyu2020 SportsEng 23:3 Fig7a,Titleist Pro V1 (352 circ.),70648,,0.279,,"vector-extracted marker centres; spin not stated in caption (spinning test series)","digitize +-0.002; meas SD CD~0.02"
Lyu2020 SportsEng 23:3 Fig7a,Titleist Pro V1 (352 circ.),74194,,0.245,,"vector-extracted marker centres; spin not stated in caption (spinning test series)","digitize +-0.002; meas SD CD~0.02"
Lyu2020 SportsEng 23:3 Fig7a,Titleist Pro V1 (352 circ.),75844,,0.248,,"vector-extracted marker centres; spin not stated in caption (spinning test series)","digitize +-0.002; meas SD CD~0.02"
Lyu2018 Proc 2:238 Fig3a,13-ball average (non-spinning),50000,0,0.477,,"visual digitization of raster (2x upscaled, log-x axis); range bars 0.385-0.53","CD +-0.01, Re +-3%"
Lyu2018 Proc 2:238 Fig3a,13-ball average (non-spinning),75000,0,0.302,,"visual digitization of raster; range bars 0.23-0.35","CD +-0.01, Re +-3%"
Lyu2018 Proc 2:238 Fig3a,13-ball average (non-spinning),100000,0,0.215,,visual digitization of raster,"CD +-0.01, Re +-3%"
Lyu2018 Proc 2:238 Fig3a,13-ball average (non-spinning),126000,0,0.205,,visual digitization of raster,"CD +-0.01, Re +-3%"
Lyu2018 Proc 2:238 Fig3a,13-ball average (non-spinning),150000,0,0.196,,visual digitization of raster,"CD +-0.01, Re +-3%"
Lyu2018 Proc 2:238 Fig3a,13-ball average (non-spinning),175000,0,0.199,,visual digitization of raster,"CD +-0.01, Re +-3%"
Lyu2018 Proc 2:238 Fig3a,13-ball average (non-spinning),200000,0,0.199,,visual digitization of raster,"CD +-0.01, Re +-3%"
Lyu2018 Proc 2:238 Fig3a,13-ball average (non-spinning),222000,0,0.199,,visual digitization of raster,"CD +-0.01, Re +-3%"
Lyu2018 Proc 2:238 Fig3a,13-ball average (non-spinning),250000,0,0.21,,visual digitization of raster,"CD +-0.01, Re +-3%"
Lyu2018 Proc 2:238 Fig3b,Kirkland 2017 (KK) spinning 1500-2500 rpm,51000,,0.525,,"visual digitization of raster; S not given per point","CD +-0.01, Re +-3%"
Lyu2018 Proc 2:238 Fig3b,Kirkland 2017 (KK) spinning 1500-2500 rpm,63000,,0.41,,"visual digitization of raster; S not given per point","CD +-0.01, Re +-3%"
Lyu2018 Proc 2:238 Fig3b,Kirkland 2017 (KK) spinning 1500-2500 rpm,76000,,0.263,,"visual digitization of raster; S not given per point","CD +-0.01, Re +-3%"
Lyu2018 Proc 2:238 Fig3b,Kirkland 2017 (KK) spinning 1500-2500 rpm,99000,,0.203,,"visual digitization of raster; S not given per point","CD +-0.01, Re +-3%"
Lyu2018 Proc 2:238 Fig3b,Kirkland 2017 (KK) spinning 1500-2500 rpm,124000,,0.18,,"visual digitization of raster; S not given per point","CD +-0.01, Re +-3%"
Lyu2018 Proc 2:238 Fig3b,Kirkland 2017 (KK) spinning 1500-2500 rpm,146000,,0.187,,"visual digitization of raster; S not given per point","CD +-0.01, Re +-3%"
Lyu2018 Proc 2:238 Fig3b,Kirkland 2017 (KK) spinning 1500-2500 rpm,168000,,0.196,,"visual digitization of raster; S not given per point","CD +-0.01, Re +-3%"
Lyu2018 Proc 2:238 Fig4a,13-ball cluster centroid (32-91 m/s),,0.045,,0.10,"visual digitization of raster cluster centroid; Re not given per point (low S implies high speed)","S +-0.01, CL +-0.015; ball spread +-0.02"
Lyu2018 Proc 2:238 Fig4a,13-ball cluster centroid (32-91 m/s),,0.075,,0.13,"visual digitization of raster cluster centroid; Re not given per point","S +-0.01, CL +-0.015; ball spread +-0.03"
Lyu2018 Proc 2:238 Fig4a,13-ball cluster centroid (32-91 m/s),,0.105,,0.17,"visual digitization of raster cluster centroid; Re not given per point","S +-0.01, CL +-0.015; ball spread +-0.03"
Lyu2018 Proc 2:238 Fig4a,13-ball cluster centroid (32-91 m/s),,0.185,,0.25,"visual digitization of raster cluster centroid; Re not given per point","S +-0.01, CL +-0.015; ball spread +-0.02"
Lyu2018 Proc 2:238 Fig4a,13-ball cluster centroid (32-91 m/s),,0.32,,0.315,"visual digitization of raster cluster centroid; Re not given per point (S 0.32 needs ~4500 rpm at ~32 m/s => Re ~9e4)","S +-0.01, CL +-0.015; ball spread +-0.02"
USGA US6186002B1 (ITR example data),TEST_BALL (unidentified c.1998),80654,0.22082,0.30604,0.2819,"tabulated in patent (ITR light-screen measurement, one shot per row)","exact as printed; shot SD ~0.002-0.005"
USGA US6186002B1 (ITR example data),TEST_BALL (unidentified c.1998),81397,0.21948,0.31529,0.2848,"tabulated in patent (ITR light-screen measurement, one shot per row)","exact as printed; shot SD ~0.002-0.005"
USGA US6186002B1 (ITR example data),TEST_BALL (unidentified c.1998),80979,0.21547,0.30207,0.2755,"tabulated in patent (ITR light-screen measurement, one shot per row)","exact as printed; shot SD ~0.002-0.005"
USGA US6186002B1 (ITR example data),TEST_BALL (unidentified c.1998),81608,0.21969,0.30304,0.2749,"tabulated in patent (ITR light-screen measurement, one shot per row)","exact as printed; shot SD ~0.002-0.005"
USGA US6186002B1 (ITR example data),TEST_BALL (unidentified c.1998),81104,0.21481,0.30039,0.2736,"tabulated in patent (ITR light-screen measurement, one shot per row)","exact as printed; shot SD ~0.002-0.005"
USGA US6186002B1 (ITR example data),TEST_BALL (unidentified c.1998),81288,0.21598,0.30053,0.2745,"tabulated in patent (ITR light-screen measurement, one shot per row)","exact as printed; shot SD ~0.002-0.005"
USGA US6186002B1 (ITR example data),TEST_BALL (unidentified c.1998),81813,0.10320,0.22864,0.1511,"tabulated in patent (ITR light-screen measurement, one shot per row)","exact as printed; shot SD ~0.002-0.005"
USGA US6186002B1 (ITR example data),TEST_BALL (unidentified c.1998),80950,0.09873,0.22219,0.1478,"tabulated in patent (ITR light-screen measurement, one shot per row)","exact as printed; shot SD ~0.002-0.005"
USGA US6186002B1 (ITR example data),TEST_BALL (unidentified c.1998),81214,0.09704,0.22240,0.1433,"tabulated in patent (ITR light-screen measurement, one shot per row)","exact as printed; shot SD ~0.002-0.005"
USGA US6186002B1 (ITR example data),TEST_BALL (unidentified c.1998),81102,0.09569,0.22304,0.1455,"tabulated in patent (ITR light-screen measurement, one shot per row)","exact as printed; shot SD ~0.002-0.005"
USGA US6186002B1 (ITR example data),TEST_BALL (unidentified c.1998),81238,0.09407,0.22298,0.1405,"tabulated in patent (ITR light-screen measurement, one shot per row)","exact as printed; shot SD ~0.002-0.005"
USGA US6186002B1 (ITR example data),TEST_BALL (unidentified c.1998),82111,0.09687,0.22026,0.1408,"tabulated in patent (ITR light-screen measurement, one shot per row)","exact as printed; shot SD ~0.002-0.005"
USGA US6186002B1 (ITR example data),TEST_BALL (unidentified c.1998),122792,0.15414,0.25540,0.2147,"tabulated in patent (ITR light-screen measurement, one shot per row)","exact as printed; shot SD ~0.002-0.005"
USGA US6186002B1 (ITR example data),TEST_BALL (unidentified c.1998),123273,0.15421,0.25514,0.2151,"tabulated in patent (ITR light-screen measurement, one shot per row)","exact as printed; shot SD ~0.002-0.005"
USGA US6186002B1 (ITR example data),TEST_BALL (unidentified c.1998),123231,0.15346,0.25520,0.2139,"tabulated in patent (ITR light-screen measurement, one shot per row)","exact as printed; shot SD ~0.002-0.005"
USGA US6186002B1 (ITR example data),TEST_BALL (unidentified c.1998),123240,0.15299,0.25365,0.2082,"tabulated in patent (ITR light-screen measurement, one shot per row)","exact as printed; shot SD ~0.002-0.005"
USGA US6186002B1 (ITR example data),TEST_BALL (unidentified c.1998),123152,0.15168,0.25638,0.2154,"tabulated in patent (ITR light-screen measurement, one shot per row)","exact as printed; shot SD ~0.002-0.005"
USGA US6186002B1 (ITR example data),TEST_BALL (unidentified c.1998),123502,0.15243,0.25743,0.2151,"tabulated in patent (ITR light-screen measurement, one shot per row)","exact as printed; shot SD ~0.002-0.005"
USGA US6186002B1 (ITR example data),TEST_BALL (unidentified c.1998),124183,0.08928,0.22533,0.1486,"tabulated in patent (ITR light-screen measurement, one shot per row)","exact as printed; shot SD ~0.002-0.005"
USGA US6186002B1 (ITR example data),TEST_BALL (unidentified c.1998),124445,0.08811,0.22542,0.1479,"tabulated in patent (ITR light-screen measurement, one shot per row)","exact as printed; shot SD ~0.002-0.005"
USGA US6186002B1 (ITR example data),TEST_BALL (unidentified c.1998),125130,0.08805,0.22550,0.1448,"tabulated in patent (ITR light-screen measurement, one shot per row)","exact as printed; shot SD ~0.002-0.005"
USGA US6186002B1 (ITR example data),TEST_BALL (unidentified c.1998),125217,0.08817,0.22484,0.1441,"tabulated in patent (ITR light-screen measurement, one shot per row)","exact as printed; shot SD ~0.002-0.005"
USGA US6186002B1 (ITR example data),TEST_BALL (unidentified c.1998),125000,0.08723,0.22662,0.1443,"tabulated in patent (ITR light-screen measurement, one shot per row)","exact as printed; shot SD ~0.002-0.005"
USGA US6186002B1 (ITR example data),TEST_BALL (unidentified c.1998),125238,0.08755,0.22518,0.1441,"tabulated in patent (ITR light-screen measurement, one shot per row)","exact as printed; shot SD ~0.002-0.005"
USGA US6186002B1 (ITR example data),TEST_BALL (unidentified c.1998),160798,0.08976,0.23771,0.1593,"tabulated in patent (ITR light-screen measurement, one shot per row)","exact as printed; shot SD ~0.002-0.005"
USGA US6186002B1 (ITR example data),TEST_BALL (unidentified c.1998),161320,0.08994,0.23363,0.1490,"tabulated in patent (ITR light-screen measurement, one shot per row)","exact as printed; shot SD ~0.002-0.005"
USGA US6186002B1 (ITR example data),TEST_BALL (unidentified c.1998),161374,0.08955,0.23257,0.1507,"tabulated in patent (ITR light-screen measurement, one shot per row)","exact as printed; shot SD ~0.002-0.005"
USGA US6186002B1 (ITR example data),TEST_BALL (unidentified c.1998),161453,0.08951,0.23125,0.1490,"tabulated in patent (ITR light-screen measurement, one shot per row)","exact as printed; shot SD ~0.002-0.005"
USGA US6186002B1 (ITR example data),TEST_BALL (unidentified c.1998),161945,0.08935,0.23488,0.1529,"tabulated in patent (ITR light-screen measurement, one shot per row)","exact as printed; shot SD ~0.002-0.005"
USGA US6186002B1 (ITR example data),TEST_BALL (unidentified c.1998),161857,0.08906,0.23322,0.1475,"tabulated in patent (ITR light-screen measurement, one shot per row)","exact as printed; shot SD ~0.002-0.005"
USGA US6186002B1 (ITR example data),TEST_BALL (unidentified c.1998),198645,0.09373,0.23930,0.1498,"tabulated in patent (ITR light-screen measurement, one shot per row)","exact as printed; shot SD ~0.002-0.005"
USGA US6186002B1 (ITR example data),TEST_BALL (unidentified c.1998),199719,0.09240,0.24064,0.1535,"tabulated in patent (ITR light-screen measurement, one shot per row)","exact as printed; shot SD ~0.002-0.005"
USGA US6186002B1 (ITR example data),TEST_BALL (unidentified c.1998),199826,0.09199,0.23837,0.1488,"tabulated in patent (ITR light-screen measurement, one shot per row)","exact as printed; shot SD ~0.002-0.005"
USGA US6186002B1 (ITR example data),TEST_BALL (unidentified c.1998),199766,0.09176,0.25389,0.1644,"tabulated in patent (ITR light-screen measurement, one shot per row)","exact as printed; shot SD ~0.002-0.005"
USGA US6186002B1 (ITR example data),TEST_BALL (unidentified c.1998),199879,0.09172,0.23723,0.1511,"tabulated in patent (ITR light-screen measurement, one shot per row)","exact as printed; shot SD ~0.002-0.005"
USGA US6186002B1 (ITR example data),TEST_BALL (unidentified c.1998),200309,0.09212,0.23646,0.1499,"tabulated in patent (ITR light-screen measurement, one shot per row)","exact as printed; shot SD ~0.002-0.005"
USGA US6186002B1 (ITR example data),TEST_BALL (unidentified c.1998),197570,0.04644,0.23097,0.1155,"tabulated in patent (ITR light-screen measurement, one shot per row)","exact as printed; shot SD ~0.002-0.005"
USGA US6186002B1 (ITR example data),TEST_BALL (unidentified c.1998),197324,0.04491,0.23014,0.1144,"tabulated in patent (ITR light-screen measurement, one shot per row)","exact as printed; shot SD ~0.002-0.005"
USGA US6186002B1 (ITR example data),TEST_BALL (unidentified c.1998),198431,0.04470,0.23147,0.1181,"tabulated in patent (ITR light-screen measurement, one shot per row)","exact as printed; shot SD ~0.002-0.005"
USGA US6186002B1 (ITR example data),TEST_BALL (unidentified c.1998),199051,0.04233,0.23247,0.1204,"tabulated in patent (ITR light-screen measurement, one shot per row)","exact as printed; shot SD ~0.002-0.005"
USGA US6186002B1 (ITR example data),TEST_BALL (unidentified c.1998),198809,0.04215,0.23012,0.1113,"tabulated in patent (ITR light-screen measurement, one shot per row)","exact as printed; shot SD ~0.002-0.005"
USGA US6186002B1 (ITR example data),TEST_BALL (unidentified c.1998),199688,0.04214,0.23136,0.1106,"tabulated in patent (ITR light-screen measurement, one shot per row)","exact as printed; shot SD ~0.002-0.005"
Bridgestone US7238121B2 table (also US7201671B2),330-dimple type I (patent example),70000,0.179,0.233,0.191,"tabulated, UBL launched-ball measurement at Re 70k & 2000 rpm; S derived (25 m/s per patent)","as printed (3 sig. fig.); S +-0.01 (patent says 25-26 m/s)"
Bridgestone US7238121B2 table (also US7201671B2),432-dimple type II (comparative),70000,0.179,0.233,0.154,"tabulated, UBL; S derived","as printed; S +-0.01"
Bridgestone US7238121B2 table (also US7201671B2),420-dimple type III (comparative),70000,0.179,0.228,0.159,"tabulated, UBL; S derived","as printed; S +-0.01"
Bridgestone US7238121B2 table,312-dimple (comparative),70000,0.179,0.232,0.161,"tabulated, UBL; S derived","as printed; S +-0.01"
Bridgestone US7238121B2 table (also US7201671B2),330-dimple type I (patent example),180000,0.088,0.218,0.166,"tabulated, UBL at Re 180k & 2520 rpm; S derived (64 m/s per patent)","as printed; S +-0.003"
Bridgestone US7238121B2 table (also US7201671B2),432-dimple type II (comparative),180000,0.088,0.219,0.164,"tabulated, UBL; S derived","as printed; S +-0.003"
Bridgestone US7238121B2 table (also US7201671B2),420-dimple type III (comparative),180000,0.088,0.216,0.163,"tabulated, UBL; S derived","as printed; S +-0.003"
Bridgestone US7238121B2 table,312-dimple (comparative),180000,0.088,0.221,0.173,"tabulated, UBL; S derived","as printed; S +-0.003"
BearmanHarvey1976 via Crabill2019 arXiv1806.00378 Fig6b,conventional (round-dimple) scaled model,,0.02,0.265,0.081,"SECONDARY replot; raster colour-trace of curve (gridline-calibrated); Re not stated (B&H: Re-independent 1.26e5-2.38e5)","+-0.003 digitize; unknown replot error"
BearmanHarvey1976 via Crabill2019 arXiv1806.00378 Fig6b,conventional (round-dimple) scaled model,,0.05,0.264,0.111,"SECONDARY replot; raster colour-trace","+-0.003 digitize"
BearmanHarvey1976 via Crabill2019 arXiv1806.00378 Fig6b,conventional (round-dimple) scaled model,,0.075,0.265,0.129,"SECONDARY replot; raster colour-trace","+-0.003 digitize"
BearmanHarvey1976 via Crabill2019 arXiv1806.00378 Fig6b,conventional (round-dimple) scaled model,,0.10,0.267,0.144,"SECONDARY replot; raster colour-trace","+-0.003 digitize"
BearmanHarvey1976 via Crabill2019 arXiv1806.00378 Fig6b,conventional (round-dimple) scaled model,,0.125,0.276,0.159,"SECONDARY replot; raster colour-trace","+-0.003 digitize"
BearmanHarvey1976 via Crabill2019 arXiv1806.00378 Fig6b,conventional (round-dimple) scaled model,,0.15,0.283,0.177,"SECONDARY replot; raster colour-trace","+-0.003 digitize"
BearmanHarvey1976 via Crabill2019 arXiv1806.00378 Fig6b,conventional (round-dimple) scaled model,,0.175,0.291,0.194,"SECONDARY replot; raster colour-trace","+-0.003 digitize"
BearmanHarvey1976 via Crabill2019 arXiv1806.00378 Fig6b,conventional (round-dimple) scaled model,,0.20,0.299,0.211,"SECONDARY replot; raster colour-trace","+-0.003 digitize"
BearmanHarvey1976 via Crabill2019 arXiv1806.00378 Fig6b,conventional (round-dimple) scaled model,,0.225,0.306,0.230,"SECONDARY replot; raster colour-trace","+-0.003 digitize"
BearmanHarvey1976 via Crabill2019 arXiv1806.00378 Fig6b,conventional (round-dimple) scaled model,,0.25,0.3125,0.2465,"SECONDARY replot; raster colour-trace","+-0.003 digitize"
BearmanHarvey1976 via Crabill2019 arXiv1806.00378 Fig6b,conventional (round-dimple) scaled model,,0.275,0.319,0.262,"SECONDARY replot; raster colour-trace","+-0.003 digitize"
BearmanHarvey1976 via Crabill2019 arXiv1806.00378 Fig6b,conventional (round-dimple) scaled model,,0.30,,0.2755,"SECONDARY replot; raster colour-trace","+-0.003 digitize"
BearmanHarvey1976 via Crabill2019 arXiv1806.00378 Fig6a,B&H (exp.) as replotted,41400,,0.491,,"SECONDARY replot; raster colour-blob centroid; spin condition not stated","CD +-0.005, Re +-0.01e5"
BearmanHarvey1976 via Crabill2019 arXiv1806.00378 Fig6a,B&H (exp.) as replotted,47900,,0.353,,"SECONDARY replot; colour-blob centroid","CD +-0.005, Re +-0.01e5"
BearmanHarvey1976 via Crabill2019 arXiv1806.00378 Fig6a,B&H (exp.) as replotted,61100,,0.249,,"SECONDARY replot; colour-blob centroid","CD +-0.005, Re +-0.01e5"
BearmanHarvey1976 via Crabill2019 arXiv1806.00378 Fig6a,B&H (exp.) as replotted,80900,,0.248,,"SECONDARY replot; colour-blob centroid","CD +-0.005, Re +-0.01e5"
BearmanHarvey1976 via Crabill2019 arXiv1806.00378 Fig6a,B&H (exp.) as replotted,96000,,0.251,,"SECONDARY replot; colour-blob centroid","CD +-0.005, Re +-0.01e5"
BearmanHarvey1976 via Crabill2019 arXiv1806.00378 Fig6a,B&H (exp.) as replotted,123900,,0.255,,"SECONDARY replot; colour-blob centroid","CD +-0.005, Re +-0.01e5"
BearmanHarvey1976 via Crabill2019 arXiv1806.00378 Fig6a,B&H (exp.) as replotted,145000,,0.256,,"SECONDARY replot; colour-blob centroid","CD +-0.005, Re +-0.01e5"
BearmanHarvey1976 via Crabill2019 arXiv1806.00378 Fig6a,B&H (exp.) as replotted,177600,,0.258,,"SECONDARY replot; colour-blob centroid","CD +-0.005, Re +-0.01e5"
BearmanHarvey1976 via Crabill2019 arXiv1806.00378 Fig6a,B&H (exp.) as replotted,205900,,0.262,,"SECONDARY replot; colour-blob centroid","CD +-0.005, Re +-0.01e5"
BearmanHarvey1976 via Crabill2019 arXiv1806.00378 Fig6a,B&H (exp.) as replotted,238600,,0.266,,"SECONDARY replot; colour-blob centroid","CD +-0.005, Re +-0.01e5"
Aoki2010 via Crabill2019 arXiv1806.00378 Fig6a,328 circular-arc dimples (exp.; presumably non-rotating),39500,,0.452,,"SECONDARY replot; colour-blob centroid of overlapping crosses","CD +-0.005, Re +-0.02e5"
Aoki2010 via Crabill2019 arXiv1806.00378 Fig6a,328 circular-arc dimples (exp.),44800,,0.444,,"SECONDARY replot; colour-blob centroid","CD +-0.005, Re +-0.01e5"
Aoki2010 via Crabill2019 arXiv1806.00378 Fig6a,328 circular-arc dimples (exp.),49400,,0.416,,"SECONDARY replot; colour-blob centroid","CD +-0.005, Re +-0.01e5"
Aoki2010 via Crabill2019 arXiv1806.00378 Fig6a,328 circular-arc dimples (exp.),52100,,0.333,,"SECONDARY replot; colour-blob centroid","CD +-0.005, Re +-0.01e5"
Aoki2010 via Crabill2019 arXiv1806.00378 Fig6a,328 circular-arc dimples (exp.),55300,,0.285,,"SECONDARY replot; colour-blob centroid","CD +-0.005, Re +-0.01e5"
Aoki2010 via Crabill2019 arXiv1806.00378 Fig6a,328 circular-arc dimples (exp.),58600,,0.273,,"SECONDARY replot; colour-blob centroid","CD +-0.005, Re +-0.01e5"
Aoki2010 via Crabill2019 arXiv1806.00378 Fig6a,328 circular-arc dimples (exp.),79600,,0.244,,"SECONDARY replot; centroid of merged cluster spanning Re ~0.6-1.0e5","CD +-0.01, Re +-0.2e5"
Aoki2010 via Crabill2019 arXiv1806.00378 Fig6a,328 circular-arc dimples (exp.),111600,,0.2445,,"SECONDARY replot; centroid of merged cluster ~1.0-1.25e5","CD +-0.01, Re +-0.1e5"
Aoki2010 via Crabill2019 arXiv1806.00378 Fig6a,328 circular-arc dimples (exp.),131100,,0.243,,"SECONDARY replot; colour-blob centroid","CD +-0.005, Re +-0.02e5"
Aoki2010 via Crabill2019 arXiv1806.00378 Fig6a,328 circular-arc dimples (exp.),141000,,0.249,,"SECONDARY replot; colour-blob centroid","CD +-0.005, Re +-0.02e5"
Aoki2010 via Crabill2019 arXiv1806.00378 Fig6a,328 circular-arc dimples (exp.),155800,,0.278,,"SECONDARY replot; colour-blob centroid","CD +-0.005, Re +-0.02e5"
Aoki2010 via Crabill2019 arXiv1806.00378 Fig6a,328 circular-arc dimples (exp.),159900,,0.297,,"SECONDARY replot; colour-blob centroid","CD +-0.005, Re +-0.01e5"
Aoki2010 via Crabill2019 arXiv1806.00378 Fig6a,328 circular-arc dimples (exp.),164000,,0.274,,"SECONDARY replot; colour-blob centroid","CD +-0.005, Re +-0.02e5"
BearmanHarvey1976 via Kensrud2010 thesis Figs2.13-2.14,conventional (round-dimple) 2.5x model; U=14.0 m/s 0 rpm full-scale,37809,0.000,0.498,,"reproduced original figure; 400-dpi column-profile digitization; S=r*omega/U (r 21.34 mm); Re=U*D/1.58e-5","CL/CD +-0.008 digitize; curve-ID by monotonic order in U; Re +-3%"
BearmanHarvey1976 via Kensrud2010 thesis Figs2.13-2.14,conventional (round-dimple) 2.5x model; U=14.0 m/s 1054 rpm full-scale,37809,0.168,0.464,-0.115,"reproduced original figure; 400-dpi column-profile digitization; S=r*omega/U (r 21.34 mm); Re=U*D/1.58e-5","CL/CD +-0.008 digitize; curve-ID by monotonic order in U; Re +-3%"
BearmanHarvey1976 via Kensrud2010 thesis Figs2.13-2.14,conventional (round-dimple) 2.5x model; U=14.0 m/s 1872 rpm full-scale,37809,0.299,0.366,0.205,"reproduced original figure; 400-dpi column-profile digitization; S=r*omega/U (r 21.34 mm); Re=U*D/1.58e-5","CL/CD +-0.008 digitize; curve-ID by monotonic order in U; Re +-3%"
BearmanHarvey1976 via Kensrud2010 thesis Figs2.13-2.14,conventional (round-dimple) 2.5x model; U=14.0 m/s 2805 rpm full-scale,37809,0.448,0.403,0.277,"reproduced original figure; 400-dpi column-profile digitization; S=r*omega/U (r 21.34 mm); Re=U*D/1.58e-5","CL/CD +-0.008 digitize; curve-ID by monotonic order in U; Re +-3%"
BearmanHarvey1976 via Kensrud2010 thesis Figs2.13-2.14,conventional (round-dimple) 2.5x model; U=14.0 m/s 3754 rpm full-scale,37809,0.599,0.406,0.392,"reproduced original figure; 400-dpi column-profile digitization; S=r*omega/U (r 21.34 mm); Re=U*D/1.58e-5","CL/CD +-0.008 digitize; curve-ID by monotonic order in U; Re +-3%"
BearmanHarvey1976 via Kensrud2010 thesis Figs2.13-2.14,conventional (round-dimple) 2.5x model; U=14.0 m/s 4672 rpm full-scale,37809,0.746,0.517,0.421,"reproduced original figure; 400-dpi column-profile digitization; S=r*omega/U (r 21.34 mm); Re=U*D/1.58e-5","CL/CD +-0.008 digitize; curve-ID by monotonic order in U; Re +-3%"
BearmanHarvey1976 via Kensrud2010 thesis Figs2.13-2.14,conventional (round-dimple) 2.5x model; U=14.0 m/s 6278 rpm full-scale,37809,1.002,0.544,0.452,"reproduced original figure; 400-dpi column-profile digitization; S=r*omega/U (r 21.34 mm); Re=U*D/1.58e-5","CL/CD +-0.008 digitize; curve-ID by monotonic order in U; Re +-3%"
BearmanHarvey1976 via Kensrud2010 thesis Figs2.13-2.14,conventional (round-dimple) 2.5x model; U=21.9 m/s 0 rpm full-scale,59144,0.000,0.354,,"reproduced original figure; 400-dpi column-profile digitization; S=r*omega/U (r 21.34 mm); Re=U*D/1.58e-5","CL/CD +-0.008 digitize; curve-ID by monotonic order in U; Re +-3%"
BearmanHarvey1976 via Kensrud2010 thesis Figs2.13-2.14,conventional (round-dimple) 2.5x model; U=21.9 m/s 1054 rpm full-scale,59144,0.108,0.288,0.159,"reproduced original figure; 400-dpi column-profile digitization; S=r*omega/U (r 21.34 mm); Re=U*D/1.58e-5","CL/CD +-0.008 digitize; curve-ID by monotonic order in U; Re +-3%"
BearmanHarvey1976 via Kensrud2010 thesis Figs2.13-2.14,conventional (round-dimple) 2.5x model; U=21.9 m/s 1872 rpm full-scale,59144,0.191,0.298,0.231,"reproduced original figure; 400-dpi column-profile digitization; S=r*omega/U (r 21.34 mm); Re=U*D/1.58e-5","CL/CD +-0.008 digitize; curve-ID by monotonic order in U; Re +-3%"
BearmanHarvey1976 via Kensrud2010 thesis Figs2.13-2.14,conventional (round-dimple) 2.5x model; U=21.9 m/s 2805 rpm full-scale,59144,0.286,0.347,0.265,"reproduced original figure; 400-dpi column-profile digitization; S=r*omega/U (r 21.34 mm); Re=U*D/1.58e-5","CL/CD +-0.008 digitize; curve-ID by monotonic order in U; Re +-3%"
BearmanHarvey1976 via Kensrud2010 thesis Figs2.13-2.14,conventional (round-dimple) 2.5x model; U=21.9 m/s 3754 rpm full-scale,59144,0.383,0.363,0.339,"reproduced original figure; 400-dpi column-profile digitization; S=r*omega/U (r 21.34 mm); Re=U*D/1.58e-5","CL/CD +-0.008 digitize; curve-ID by monotonic order in U; Re +-3%"
BearmanHarvey1976 via Kensrud2010 thesis Figs2.13-2.14,conventional (round-dimple) 2.5x model; U=21.9 m/s 4672 rpm full-scale,59144,0.477,0.439,0.363,"reproduced original figure; 400-dpi column-profile digitization; S=r*omega/U (r 21.34 mm); Re=U*D/1.58e-5","CL/CD +-0.008 digitize; curve-ID by monotonic order in U; Re +-3%"
BearmanHarvey1976 via Kensrud2010 thesis Figs2.13-2.14,conventional (round-dimple) 2.5x model; U=21.9 m/s 6278 rpm full-scale,59144,0.641,0.455,0.404,"reproduced original figure; 400-dpi column-profile digitization; S=r*omega/U (r 21.34 mm); Re=U*D/1.58e-5","CL/CD +-0.008 digitize; curve-ID by monotonic order in U; Re +-3%"
BearmanHarvey1976 via Kensrud2010 thesis Figs2.13-2.14,conventional (round-dimple) 2.5x model; U=30.5 m/s 1054 rpm full-scale,82369,0.077,,0.141,"reproduced original figure; 400-dpi column-profile digitization; S=r*omega/U (r 21.34 mm); Re=U*D/1.58e-5","CL/CD +-0.008 digitize; curve-ID by monotonic order in U; Re +-3%"
BearmanHarvey1976 via Kensrud2010 thesis Figs2.13-2.14,conventional (round-dimple) 2.5x model; U=30.5 m/s 1872 rpm full-scale,82369,0.137,,0.193,"reproduced original figure; 400-dpi column-profile digitization; S=r*omega/U (r 21.34 mm); Re=U*D/1.58e-5","CL/CD +-0.008 digitize; curve-ID by monotonic order in U; Re +-3%"
BearmanHarvey1976 via Kensrud2010 thesis Figs2.13-2.14,conventional (round-dimple) 2.5x model; U=30.5 m/s 2805 rpm full-scale,82369,0.206,0.302,0.226,"reproduced original figure; 400-dpi column-profile digitization; S=r*omega/U (r 21.34 mm); Re=U*D/1.58e-5","CL/CD +-0.008 digitize; curve-ID by monotonic order in U; Re +-3%"
BearmanHarvey1976 via Kensrud2010 thesis Figs2.13-2.14,conventional (round-dimple) 2.5x model; U=30.5 m/s 3754 rpm full-scale,82369,0.275,0.313,0.280,"reproduced original figure; 400-dpi column-profile digitization; S=r*omega/U (r 21.34 mm); Re=U*D/1.58e-5","CL/CD +-0.008 digitize; curve-ID by monotonic order in U; Re +-3%"
BearmanHarvey1976 via Kensrud2010 thesis Figs2.13-2.14,conventional (round-dimple) 2.5x model; U=30.5 m/s 4672 rpm full-scale,82369,0.342,0.366,0.302,"reproduced original figure; 400-dpi column-profile digitization; S=r*omega/U (r 21.34 mm); Re=U*D/1.58e-5","CL/CD +-0.008 digitize; curve-ID by monotonic order in U; Re +-3%"
BearmanHarvey1976 via Kensrud2010 thesis Figs2.13-2.14,conventional (round-dimple) 2.5x model; U=30.5 m/s 6278 rpm full-scale,82369,0.460,0.391,0.352,"reproduced original figure; 400-dpi column-profile digitization; S=r*omega/U (r 21.34 mm); Re=U*D/1.58e-5","CL/CD +-0.008 digitize; curve-ID by monotonic order in U; Re +-3%"
BearmanHarvey1976 via Kensrud2010 thesis Figs2.13-2.14,conventional (round-dimple) 2.5x model; U=39.0 m/s 1054 rpm full-scale,105325,0.060,,0.123,"reproduced original figure; 400-dpi column-profile digitization; S=r*omega/U (r 21.34 mm); Re=U*D/1.58e-5","CL/CD +-0.008 digitize; curve-ID by monotonic order in U; Re +-3%"
BearmanHarvey1976 via Kensrud2010 thesis Figs2.13-2.14,conventional (round-dimple) 2.5x model; U=39.0 m/s 1872 rpm full-scale,105325,0.107,,0.165,"reproduced original figure; 400-dpi column-profile digitization; S=r*omega/U (r 21.34 mm); Re=U*D/1.58e-5","CL/CD +-0.008 digitize; curve-ID by monotonic order in U; Re +-3%"
BearmanHarvey1976 via Kensrud2010 thesis Figs2.13-2.14,conventional (round-dimple) 2.5x model; U=39.0 m/s 2805 rpm full-scale,105325,0.161,0.274,0.183,"reproduced original figure; 400-dpi column-profile digitization; S=r*omega/U (r 21.34 mm); Re=U*D/1.58e-5","CL/CD +-0.008 digitize; curve-ID by monotonic order in U; Re +-3%"
BearmanHarvey1976 via Kensrud2010 thesis Figs2.13-2.14,conventional (round-dimple) 2.5x model; U=39.0 m/s 3754 rpm full-scale,105325,0.215,,0.233,"reproduced original figure; 400-dpi column-profile digitization; S=r*omega/U (r 21.34 mm); Re=U*D/1.58e-5","CL/CD +-0.008 digitize; curve-ID by monotonic order in U; Re +-3%"
BearmanHarvey1976 via Kensrud2010 thesis Figs2.13-2.14,conventional (round-dimple) 2.5x model; U=39.0 m/s 4672 rpm full-scale,105325,0.268,0.323,0.257,"reproduced original figure; 400-dpi column-profile digitization; S=r*omega/U (r 21.34 mm); Re=U*D/1.58e-5","CL/CD +-0.008 digitize; curve-ID by monotonic order in U; Re +-3%"
BearmanHarvey1976 via Kensrud2010 thesis Figs2.13-2.14,conventional (round-dimple) 2.5x model; U=39.0 m/s 6278 rpm full-scale,105325,0.360,0.353,0.301,"reproduced original figure; 400-dpi column-profile digitization; S=r*omega/U (r 21.34 mm); Re=U*D/1.58e-5","CL/CD +-0.008 digitize; curve-ID by monotonic order in U; Re +-3%"
BearmanHarvey1976 via Kensrud2010 thesis Figs2.13-2.14,conventional (round-dimple) 2.5x model; U=47.2 m/s 1872 rpm full-scale,127470,0.089,,0.144,"reproduced original figure; 400-dpi column-profile digitization; S=r*omega/U (r 21.34 mm); Re=U*D/1.58e-5","CL/CD +-0.008 digitize; curve-ID by monotonic order in U; Re +-3%"
BearmanHarvey1976 via Kensrud2010 thesis Figs2.13-2.14,conventional (round-dimple) 2.5x model; U=47.2 m/s 3754 rpm full-scale,127470,0.178,,0.196,"reproduced original figure; 400-dpi column-profile digitization; S=r*omega/U (r 21.34 mm); Re=U*D/1.58e-5","CL/CD +-0.008 digitize; curve-ID by monotonic order in U; Re +-3%"
BearmanHarvey1976 via Kensrud2010 thesis Figs2.13-2.14,conventional (round-dimple) 2.5x model; U=47.2 m/s 4672 rpm full-scale,127470,0.221,,0.222,"reproduced original figure; 400-dpi column-profile digitization; S=r*omega/U (r 21.34 mm); Re=U*D/1.58e-5","CL/CD +-0.008 digitize; curve-ID by monotonic order in U; Re +-3%"
BearmanHarvey1976 via Kensrud2010 thesis Figs2.13-2.14,conventional (round-dimple) 2.5x model; U=47.2 m/s 6278 rpm full-scale,127470,0.297,0.323,0.265,"reproduced original figure; 400-dpi column-profile digitization; S=r*omega/U (r 21.34 mm); Re=U*D/1.58e-5","CL/CD +-0.008 digitize; curve-ID by monotonic order in U; Re +-3%"
BearmanHarvey1976 via Kensrud2010 thesis Figs2.13-2.14,conventional (round-dimple) 2.5x model; U=55.5 m/s 4672 rpm full-scale,149885,0.188,,0.201,"reproduced original figure; 400-dpi column-profile digitization; S=r*omega/U (r 21.34 mm); Re=U*D/1.58e-5","CL/CD +-0.008 digitize; curve-ID by monotonic order in U; Re +-3%"
BearmanHarvey1976 via Kensrud2010 thesis Figs2.13-2.14,conventional (round-dimple) 2.5x model; U=55.5 m/s 6278 rpm full-scale,149885,0.253,,0.231,"reproduced original figure; 400-dpi column-profile digitization; S=r*omega/U (r 21.34 mm); Re=U*D/1.58e-5","CL/CD +-0.008 digitize; curve-ID by monotonic order in U; Re +-3%"
BearmanHarvey1976 via Kensrud2010 thesis Figs2.13-2.14,conventional (round-dimple) 2.5x model; U=64.0 m/s 4672 rpm full-scale,172841,0.163,,0.182,"reproduced original figure; 400-dpi column-profile digitization; S=r*omega/U (r 21.34 mm); Re=U*D/1.58e-5","CL/CD +-0.008 digitize; curve-ID by monotonic order in U; Re +-3%"
BearmanHarvey1976 via Kensrud2010 thesis Figs2.13-2.14,conventional (round-dimple) 2.5x model; U=64.0 m/s 6278 rpm full-scale,172841,0.219,,0.211,"reproduced original figure; 400-dpi column-profile digitization; S=r*omega/U (r 21.34 mm); Re=U*D/1.58e-5","CL/CD +-0.008 digitize; curve-ID by monotonic order in U; Re +-3%"
