event,season,tour,venue,elevation_m,temp_C,RH,density_ratio,sources,event_id,set,start,end,lat,lon,p_station_hPa,density_ratio_dry,pressure_ratio,radar_attempts,rounds,coord_source
The RSM Classic,2022-23,PGA,Sea Island Golf Club (Seaside Course),6,20.2,84,1.0080,"event/dates: pgatour.com GraphQL Tournaments/StatDetails (undocumented); coords: Wikipedia article coordinates (MediaWiki API prop=coordinates): RSM Classic; elevation: Open-Meteo Elevation API (Copernicus GLO-90 DEM); weather: Open-Meteo Historical Weather API (ERA5-based hourly T, RH, MSL pressure), 07-18 h local on competition days",R2023549,radar,2023-11-16,2023-11-19,31.1380,-81.4060,1012.5,1.0155,0.9992,2455,4,Wikipedia article coordinates (MediaWiki API prop=coordinates): RSM Classic
Shriners Children's Open,2022-23,PGA,TPC Summerlin,820,21.0,16,0.9230,"event/dates: pgatour.com GraphQL Tournaments/StatDetails (undocumented); coords: Nominatim (OSM): TPC Summerlin, 1700, Village Center Circle, The Hills South, Summerlin North, Summerlin, L; elevation: Open-Meteo Elevation API (Copernicus GLO-90 DEM); weather: Open-Meteo Historical Weather API (ERA5-based hourly T, RH, MSL pressure), 07-18 h local on competition days",R2023545,radar,2023-10-12,2023-10-15,36.1881,-115.2945,923.9,0.9245,0.9118,2273,4,"Nominatim (OSM): TPC Summerlin, 1700, Village Center Circle, The Hills South, Summerlin North, Summerlin, L"
Sanderson Farms Championship,2022-23,PGA,The Country Club of Jackson,85,20.9,61,1.0032,"event/dates: pgatour.com GraphQL Tournaments/StatDetails (undocumented); coords: Nominatim (OSM): The Country Club of Jackson, 345, Saint Andrews Drive, The Country Club of Jackson, Rollin; elevation: Open-Meteo Elevation API (Copernicus GLO-90 DEM); weather: Open-Meteo Historical Weather API (ERA5-based hourly T, RH, MSL pressure), 07-18 h local on competition days",R2023544,radar,2023-10-05,2023-10-08,32.3957,-90.0935,1008.2,1.0091,0.9950,3554,4,"Nominatim (OSM): The Country Club of Jackson, 345, Saint Andrews Drive, The Country Club of Jackson, Rollin"
Fortinet Championship,2022-23,PGA,Silverado Resort (North Course),29,22.4,62,1.0004,"event/dates: pgatour.com GraphQL Tournaments/StatDetails (undocumented); coords: Nominatim (OSM): Silverado Resort, Castle Oaks Drive, Napa County, California, 94558, United States; elevation: Open-Meteo Elevation API (Copernicus GLO-90 DEM); weather: Open-Meteo Historical Weather API (ERA5-based hourly T, RH, MSL pressure), 07-18 h local on competition days",R2023543,radar,2023-09-14,2023-09-17,38.3514,-122.2613,1010.4,1.0064,0.9972,2249,4,"Nominatim (OSM): Silverado Resort, Castle Oaks Drive, Napa County, California, 94558, United States"
TOUR Championship,2022-23,PGA,East Lake Golf Club,300,30.7,59,0.9396,"event/dates: pgatour.com GraphQL Tournaments/StatDetails (undocumented); coords: Nominatim (OSM): East Lake Golf Club, 2575, Alston Drive Southeast, Atlanta, DeKalb County, Georgia, 30317,; elevation: Open-Meteo Elevation API (Copernicus GLO-90 DEM); weather: Open-Meteo Historical Weather API (ERA5-based hourly T, RH, MSL pressure), 07-18 h local on competition days",R2023060,radar,2023-08-24,2023-08-27,33.7436,-84.3025,979.7,0.9489,0.9669,1271,4,"Nominatim (OSM): East Lake Golf Club, 2575, Alston Drive Southeast, Atlanta, DeKalb County, Georgia, 30317,"
BMW Championship,2022-23,PGA,Olympia Fields Country Club (North Course),207,23.8,64,0.9744,"event/dates: pgatour.com GraphQL Tournaments/StatDetails (undocumented); coords: Nominatim (OSM): Olympia Fields Country Club, 2800, Country Club Drive, Olympia Fields, Rich Township, Cook; elevation: Open-Meteo Elevation API (Copernicus GLO-90 DEM); weather: Open-Meteo Historical Weather API (ERA5-based hourly T, RH, MSL pressure), 07-18 h local on competition days",R2023028,radar,2023-08-17,2023-08-20,41.5181,-87.6880,990.4,0.9815,0.9774,2020,4,"Nominatim (OSM): Olympia Fields Country Club, 2800, Country Club Drive, Olympia Fields, Rich Township, Cook"
FedEx St. Jude Championship,2022-23,PGA,TPC Southwind,110,28.7,80,0.9637,"event/dates: pgatour.com GraphQL Tournaments/StatDetails (undocumented); coords: Nominatim (OSM): TPC Southwind, 3325, Club at Southwind, Memphis, Shelby County, West Tennessee, Tennessee,; elevation: Open-Meteo Elevation API (Copernicus GLO-90 DEM); weather: Open-Meteo Historical Weather API (ERA5-based hourly T, RH, MSL pressure), 07-18 h local on competition days",R2023027,radar,2023-08-10,2023-08-13,35.0546,-89.7858,1000.2,0.9751,0.9871,3012,4,"Nominatim (OSM): TPC Southwind, 3325, Club at Southwind, Memphis, Shelby County, West Tennessee, Tennessee,"
Wyndham Championship,2022-23,PGA,Sedgefield Country Club,257,25.5,71,0.9638,"event/dates: pgatour.com GraphQL Tournaments/StatDetails (undocumented); coords: Nominatim (OSM): Sedgefield Country Club, Dye Course, 5700, Cardinal Way, Greensboro, Guilford County, Nort; elevation: Open-Meteo Elevation API (Copernicus GLO-90 DEM); weather: Open-Meteo Historical Weather API (ERA5-based hourly T, RH, MSL pressure), 07-18 h local on competition days",R2023013,radar,2023-08-03,2023-08-06,36.1338,-79.9123,986.2,0.9720,0.9733,1863,4,"Nominatim (OSM): Sedgefield Country Club, Dye Course, 5700, Cardinal Way, Greensboro, Guilford County, Nort"
3M Open,2022-23,PGA,TPC Twin Cities,275,24.7,67,0.9652,"event/dates: pgatour.com GraphQL Tournaments/StatDetails (undocumented); coords: Nominatim (OSM): TPC Twin Cities, 11444, Tournament Players Parkway, The Lakes, Blaine, Anoka County, Minne; elevation: Open-Meteo Elevation API (Copernicus GLO-90 DEM); weather: Open-Meteo Historical Weather API (ERA5-based hourly T, RH, MSL pressure), 07-18 h local on competition days",R2023525,radar,2023-07-27,2023-07-30,45.1733,-93.2119,984.6,0.9730,0.9717,2709,4,"Nominatim (OSM): TPC Twin Cities, 11444, Tournament Players Parkway, The Lakes, Blaine, Anoka County, Minne"
Barbasol Championship,2022-23,PGA,Keene Trace Golf Club (Champion Trace),291,27.6,64,0.9498,"event/dates: pgatour.com GraphQL Tournaments/StatDetails (undocumented); coords: Nominatim city centroid Nicholasville KY (course not in OSM) - city-level; elevation: Open-Meteo Elevation API (Copernicus GLO-90 DEM); weather: Open-Meteo Historical Weather API (ERA5-based hourly T, RH, MSL pressure), 07-18 h local on competition days",R2023518,radar,2023-07-13,2023-07-16,37.8806,-84.5730,979.1,0.9580,0.9663,2607,4,Nominatim city centroid Nicholasville KY (course not in OSM) - city-level
John Deere Classic,2022-23,PGA,TPC Deere Run,206,23.0,55,0.9784,"event/dates: pgatour.com GraphQL Tournaments/StatDetails (undocumented); coords: Nominatim (OSM): TPC Deere Run, 3100, Heather Knoll, Silvis, Rock Island County, Illinois, 61282, United St; elevation: Open-Meteo Elevation API (Copernicus GLO-90 DEM); weather: Open-Meteo Historical Weather API (ERA5-based hourly T, RH, MSL pressure), 07-18 h local on competition days",R2023030,radar,2023-07-06,2023-07-09,41.4767,-90.3922,990.4,0.9841,0.9774,1122,4,"Nominatim (OSM): TPC Deere Run, 3100, Heather Knoll, Silvis, Rock Island County, Illinois, 61282, United St"
Rocket Mortgage Classic,2022-23,PGA,Detroit Golf Club,201,25.3,68,0.9668,"event/dates: pgatour.com GraphQL Tournaments/StatDetails (undocumented); coords: Nominatim (OSM): Detroit Golf Club, 17911, Hamilton Road, Detroit, Wayne County, Michigan, 48203, United St; elevation: Open-Meteo Elevation API (Copernicus GLO-90 DEM); weather: Open-Meteo Historical Weather API (ERA5-based hourly T, RH, MSL pressure), 07-18 h local on competition days",R2023524,radar,2023-06-29,2023-07-02,42.4248,-83.1273,988.6,0.9748,0.9757,4182,4,"Nominatim (OSM): Detroit Golf Club, 17911, Hamilton Road, Detroit, Wayne County, Michigan, 48203, United St"
Travelers Championship,2022-23,PGA,TPC River Highlands,36,22.3,74,0.9992,"event/dates: pgatour.com GraphQL Tournaments/StatDetails (undocumented); coords: Nominatim (OSM): TPC River Highlands, 1, Golf Club Road, TPC River Highlands, Cromwell, Lower Connecticut R; elevation: Open-Meteo Elevation API (Copernicus GLO-90 DEM); weather: Open-Meteo Historical Weather API (ERA5-based hourly T, RH, MSL pressure), 07-18 h local on competition days",R2023034,radar,2023-06-22,2023-06-25,41.6294,-72.6391,1010.8,1.0068,0.9976,2272,4,"Nominatim (OSM): TPC River Highlands, 1, Golf Club Road, TPC River Highlands, Cromwell, Lower Connecticut R"
U.S. Open,2022-23,PGA,The Los Angeles Country Club (North Course),113,19.5,71,0.9996,"event/dates: pgatour.com GraphQL Tournaments/StatDetails (undocumented); coords: Nominatim (OSM): Los Angeles Country Club, 10101, Wilshire Boulevard, Westwood, Los Angeles, Los Angeles Co; elevation: Open-Meteo Elevation API (Copernicus GLO-90 DEM); weather: Open-Meteo Historical Weather API (ERA5-based hourly T, RH, MSL pressure), 07-18 h local on competition days",R2023026,radar,2023-06-15,2023-06-18,34.0703,-118.4222,1000.3,1.0057,0.9872,2413,4,"Nominatim (OSM): Los Angeles Country Club, 10101, Wilshire Boulevard, Westwood, Los Angeles, Los Angeles Co"
RBC Canadian Open,2022-23,PGA,Oakdale Golf & Country Club,137,19.2,57,0.9944,"event/dates: pgatour.com GraphQL Tournaments/StatDetails (undocumented); coords: Nominatim (OSM): Oakdale Golf & Country Club, Ted Wray Circle, Oakdale-Beverley Heights, Humber River—Black; elevation: Open-Meteo Elevation API (Copernicus GLO-90 DEM); weather: Open-Meteo Historical Weather API (ERA5-based hourly T, RH, MSL pressure), 07-18 h local on competition days",R2023032,radar,2023-06-08,2023-06-11,43.7330,-79.5183,992.3,0.9991,0.9793,2590,4,"Nominatim (OSM): Oakdale Golf & Country Club, Ted Wray Circle, Oakdale-Beverley Heights, Humber River—Black"
the Memorial Tournament presented by Workday,2022-23,PGA,Muirfield Village Golf Club,286,26.8,37,0.9599,"event/dates: pgatour.com GraphQL Tournaments/StatDetails (undocumented); coords: Nominatim (OSM): Muirfield Village Golf Club, 5750, Memorial Drive, Dublin, Washington Township, Franklin C; elevation: Open-Meteo Elevation API (Copernicus GLO-90 DEM); weather: Open-Meteo Historical Weather API (ERA5-based hourly T, RH, MSL pressure), 07-18 h local on competition days",R2023023,radar,2023-06-01,2023-06-04,40.1443,-83.1501,983.0,0.9645,0.9701,2270,4,"Nominatim (OSM): Muirfield Village Golf Club, 5750, Memorial Drive, Dublin, Washington Township, Franklin C"
Charles Schwab Challenge,2022-23,PGA,Colonial Country Club,176,26.9,50,0.9700,"event/dates: pgatour.com GraphQL Tournaments/StatDetails (undocumented); coords: Nominatim (OSM): Colonial Country Club, Mopac Road, Fort Worth, Tarrant County, Texas, 76107, United States; elevation: Open-Meteo Elevation API (Copernicus GLO-90 DEM); weather: Open-Meteo Historical Weather API (ERA5-based hourly T, RH, MSL pressure), 07-18 h local on competition days",R2023021,radar,2023-05-25,2023-05-28,32.7192,-97.3720,995.5,0.9763,0.9824,2219,4,"Nominatim (OSM): Colonial Country Club, Mopac Road, Fort Worth, Tarrant County, Texas, 76107, United States"
PGA Championship,2022-23,PGA,Oak Hill Country Club - East Course,131,17.3,58,1.0108,"event/dates: pgatour.com GraphQL Tournaments/StatDetails (undocumented); coords: Nominatim (OSM): Oak Hill Country Club (East Course), 145, Kilbourn Road, City of Rochester, Monroe County,; elevation: Open-Meteo Elevation API (Copernicus GLO-90 DEM); weather: Open-Meteo Historical Weather API (ERA5-based hourly T, RH, MSL pressure), 07-18 h local on competition days",R2023033,radar,2023-05-18,2023-05-21,43.1120,-77.5304,1001.9,1.0152,0.9888,3033,4,"Nominatim (OSM): Oak Hill Country Club (East Course), 145, Kilbourn Road, City of Rochester, Monroe County,"
AT&T Byron Nelson,2022-23,PGA,TPC Craig Ranch,197,23.4,82,0.9752,"event/dates: pgatour.com GraphQL Tournaments/StatDetails (undocumented); coords: Nominatim (OSM): TPC Craig Ranch, Avenel Road, McKinney, Collin County, Texas, 75072, United States; elevation: Open-Meteo Elevation API (Copernicus GLO-90 DEM); weather: Open-Meteo Historical Weather API (ERA5-based hourly T, RH, MSL pressure), 07-18 h local on competition days",R2023019,radar,2023-05-11,2023-05-14,33.1405,-96.7219,991.4,0.9840,0.9785,3973,4,"Nominatim (OSM): TPC Craig Ranch, Avenel Road, McKinney, Collin County, Texas, 75072, United States"
Wells Fargo Championship,2022-23,PGA,Quail Hollow Club,191,20.0,48,0.9975,"event/dates: pgatour.com GraphQL Tournaments/StatDetails (undocumented); coords: Nominatim (OSM): Quail Hollow Club, 3700, Gleneagles Road, Olde Georgetowne, Charlotte, Mecklenburg County,; elevation: Open-Meteo Elevation API (Copernicus GLO-90 DEM); weather: Open-Meteo Historical Weather API (ERA5-based hourly T, RH, MSL pressure), 07-18 h local on competition days",R2023480,radar,2023-05-04,2023-05-07,35.1141,-80.8417,997.8,1.0017,0.9848,3319,4,"Nominatim (OSM): Quail Hollow Club, 3700, Gleneagles Road, Olde Georgetowne, Charlotte, Mecklenburg County,"
Mexico Open at Vidanta,2022-23,PGA,Vidanta Vallarta,8,24.9,70,0.9895,"event/dates: pgatour.com GraphQL Tournaments/StatDetails (undocumented); coords: Wikipedia article coordinates (MediaWiki API prop=coordinates): Mexican Open (golf); elevation: Open-Meteo Elevation API (Copernicus GLO-90 DEM); weather: Open-Meteo Historical Weather API (ERA5-based hourly T, RH, MSL pressure), 07-18 h local on competition days",R2023540,radar,2023-04-27,2023-04-30,20.6840,-105.2850,1010.5,0.9976,0.9973,3360,4,Wikipedia article coordinates (MediaWiki API prop=coordinates): Mexican Open (golf)
RBC Heritage,2022-23,PGA,Harbour Town Golf Links,16,22.4,74,1.0009,"event/dates: pgatour.com GraphQL Tournaments/StatDetails (undocumented); coords: Nominatim (OSM): Harbour Town Golf Links, 11, Lighthouse Lane, Harbour Town, Hilton Head Island, Beaufort C; elevation: Open-Meteo Elevation API (Copernicus GLO-90 DEM); weather: Open-Meteo Historical Weather API (ERA5-based hourly T, RH, MSL pressure), 07-18 h local on competition days",R2023012,radar,2023-04-13,2023-04-16,32.1307,-80.8108,1012.8,1.0083,0.9995,2510,4,"Nominatim (OSM): Harbour Town Golf Links, 11, Lighthouse Lane, Harbour Town, Hilton Head Island, Beaufort C"
Valero Texas Open,2022-23,PGA,TPC San Antonio (Oaks Course),313,24.7,57,0.9605,"event/dates: pgatour.com GraphQL Tournaments/StatDetails (undocumented); coords: Nominatim (OSM): TPC San Antonio Oaks Course, Avery Way, Bexar County, Texas, 78261, United States; elevation: Open-Meteo Elevation API (Copernicus GLO-90 DEM); weather: Open-Meteo Historical Weather API (ERA5-based hourly T, RH, MSL pressure), 07-18 h local on competition days",R2023041,radar,2023-03-30,2023-04-02,29.6573,-98.3950,978.3,0.9667,0.9655,3143,4,"Nominatim (OSM): TPC San Antonio Oaks Course, Avery Way, Bexar County, Texas, 78261, United States"
Valspar Championship,2022-23,PGA,Innisbrook Resort (Copperhead Course),14,19.7,58,1.0169,"event/dates: pgatour.com GraphQL Tournaments/StatDetails (undocumented); coords: Nominatim (OSM): Innisbrook Golf Resort, 36750, Campbell Street, Wall Springs, Palm Harbor, Pinellas County; elevation: Open-Meteo Elevation API (Copernicus GLO-90 DEM); weather: Open-Meteo Historical Weather API (ERA5-based hourly T, RH, MSL pressure), 07-18 h local on competition days",R2023475,radar,2023-03-16,2023-03-19,28.1149,-82.7510,1017.1,1.0221,1.0038,2396,4,"Nominatim (OSM): Innisbrook Golf Resort, 36750, Campbell Street, Wall Springs, Palm Harbor, Pinellas County"
THE PLAYERS Championship,2022-23,PGA,TPC Sawgrass (THE PLAYERS Stadium Course),3,20.0,64,1.0137,"event/dates: pgatour.com GraphQL Tournaments/StatDetails (undocumented); coords: Nominatim (OSM): TPC Sawgrass, 110, Championship Way, Sawgrass Players Club, Palm Valley, Ponte Vedra Beach; elevation: Open-Meteo Elevation API (Copernicus GLO-90 DEM); weather: Open-Meteo Historical Weather API (ERA5-based hourly T, RH, MSL pressure), 07-18 h local on competition days",R2023011,radar,2023-03-09,2023-03-12,30.1960,-81.3938,1015.3,1.0193,1.0020,2731,4,"Nominatim (OSM): TPC Sawgrass, 110, Championship Way, Sawgrass Players Club, Palm Valley, Ponte Vedra Beach"
Arnold Palmer Invitational presented by Mastercard,2022-23,PGA,Arnold Palmer's Bay Hill Club & Lodge,34,26.6,61,0.9848,"event/dates: pgatour.com GraphQL Tournaments/StatDetails (undocumented); coords: Nominatim (OSM): Bay Hill Golf Club, 9000, Bay Hill Boulevard, Orlando, Orange County, Florida, 32819, Unit; elevation: Open-Meteo Elevation API (Copernicus GLO-90 DEM); weather: Open-Meteo Historical Weather API (ERA5-based hourly T, RH, MSL pressure), 07-18 h local on competition days",R2023009,radar,2023-03-02,2023-03-05,28.4654,-81.5104,1010.2,0.9921,0.9970,2431,4,"Nominatim (OSM): Bay Hill Golf Club, 9000, Bay Hill Boulevard, Orlando, Orange County, Florida, 32819, Unit"
The Honda Classic,2022-23,PGA,PGA National Resort (The Champion),7,25.1,68,1.0008,"event/dates: pgatour.com GraphQL Tournaments/StatDetails (undocumented); coords: Nominatim (OSM): PGA National Resort, PGA Boulevard, Palm Beach Gardens, Palm Beach County, Florida, 33418,; elevation: Open-Meteo Elevation API (Copernicus GLO-90 DEM); weather: Open-Meteo Historical Weather API (ERA5-based hourly T, RH, MSL pressure), 07-18 h local on competition days",R2023010,radar,2023-02-23,2023-02-26,26.8189,-80.1435,1022.3,1.0087,1.0089,2574,4,"Nominatim (OSM): PGA National Resort, PGA Boulevard, Palm Beach Gardens, Palm Beach County, Florida, 33418,"
The Genesis Invitational,2022-23,PGA,The Riviera Country Club,82,13.4,24,1.0346,"event/dates: pgatour.com GraphQL Tournaments/StatDetails (undocumented); coords: Nominatim (OSM): Riviera Country Club, 1250, Capri Drive, Los Angeles, Los Angeles County, California, 9027; elevation: Open-Meteo Elevation API (Copernicus GLO-90 DEM); weather: Open-Meteo Historical Weather API (ERA5-based hourly T, RH, MSL pressure), 07-18 h local on competition days",R2023007,radar,2023-02-16,2023-02-19,34.0452,-118.5025,1008.8,1.0360,0.9956,2040,4,"Nominatim (OSM): Riviera Country Club, 1250, Capri Drive, Los Angeles, Los Angeles County, California, 9027"
WM Phoenix Open,2022-23,PGA,TPC Scottsdale (Stadium Course),467,16.5,16,0.9774,"event/dates: pgatour.com GraphQL Tournaments/StatDetails (undocumented); coords: Nominatim (OSM): TPC Scottsdale Stadium Course, 7020, North Hayden Road, Scottsdale, Maricopa County, Arizo; elevation: Open-Meteo Elevation API (Copernicus GLO-90 DEM); weather: Open-Meteo Historical Weather API (ERA5-based hourly T, RH, MSL pressure), 07-18 h local on competition days",R2023003,radar,2023-02-09,2023-02-12,33.6401,-111.9157,962.8,0.9785,0.9503,1578,4,"Nominatim (OSM): TPC Scottsdale Stadium Course, 7020, North Hayden Road, Scottsdale, Maricopa County, Arizo"
AT&T Pebble Beach Pro-Am,2022-23,PGA,Pebble Beach Golf Links,24,12.1,80,1.0480,"event/dates: pgatour.com GraphQL Tournaments/StatDetails (undocumented); coords: Nominatim (OSM): Pebble Beach Golf Links, 1700, 17 Mile Drive, Pebble Beach, Del Monte Forest, Monterey Cou; elevation: Open-Meteo Elevation API (Copernicus GLO-90 DEM); weather: Open-Meteo Historical Weather API (ERA5-based hourly T, RH, MSL pressure), 07-18 h local on competition days",R2023005,radar,2023-02-02,2023-02-05,36.5697,-121.9497,1020.0,1.0524,1.0066,725,4,"Nominatim (OSM): Pebble Beach Golf Links, 1700, 17 Mile Drive, Pebble Beach, Del Monte Forest, Monterey Cou"
Farmers Insurance Open,2022-23,PGA,Torrey Pines Golf Course (South Course),113,13.8,59,1.0302,"event/dates: pgatour.com GraphQL Tournaments/StatDetails (undocumented); coords: Nominatim (OSM): Torrey Pines South Course, 11480, North Torrey Pines Road, Torrey Pines, San Diego, San Di; elevation: Open-Meteo Elevation API (Copernicus GLO-90 DEM); weather: Open-Meteo Historical Weather API (ERA5-based hourly T, RH, MSL pressure), 07-18 h local on competition days",R2023004,radar,2023-01-25,2023-01-28,32.8969,-117.2455,1007.9,1.0337,0.9947,1457,4,"Nominatim (OSM): Torrey Pines South Course, 11480, North Torrey Pines Road, Torrey Pines, San Diego, San Di"
The American Express,2022-23,PGA,Pete Dye Stadium Course,-2,12.8,38,1.0483,"event/dates: pgatour.com GraphQL Tournaments/StatDetails (undocumented); coords: Nominatim (OSM): TPC Stadium Golf Course (PGA West), East Residence Club Drive, PGA West, La Quinta, Rivers; elevation: Open-Meteo Elevation API (Copernicus GLO-90 DEM); weather: Open-Meteo Historical Weather API (ERA5-based hourly T, RH, MSL pressure), 07-18 h local on competition days",R2023002,radar,2023-01-19,2023-01-22,33.6495,-116.2642,1020.7,1.0505,1.0074,744,4,"Nominatim (OSM): TPC Stadium Golf Course (PGA West), East Residence Club Drive, PGA West, La Quinta, Rivers"
Sony Open in Hawaii,2022-23,PGA,Waialae Country Club,2,24.7,61,0.9989,"event/dates: pgatour.com GraphQL Tournaments/StatDetails (undocumented); coords: Nominatim (OSM): Waiʻalae Country Club, 4997, Kahala Avenue, Waialae-Kahala, Wailupe, Kāhala, East Honolulu; elevation: Open-Meteo Elevation API (Copernicus GLO-90 DEM); weather: Open-Meteo Historical Weather API (ERA5-based hourly T, RH, MSL pressure), 07-18 h local on competition days",R2023006,radar,2023-01-12,2023-01-15,21.2745,-157.7708,1018.1,1.0060,1.0048,2176,4,"Nominatim (OSM): Waiʻalae Country Club, 4997, Kahala Avenue, Waialae-Kahala, Wailupe, Kāhala, East Honolulu"
Sentry Tournament of Champions,2022-23,PGA,Plantation Course at Kapalua,106,24.0,77,0.9890,"event/dates: pgatour.com GraphQL Tournaments/StatDetails (undocumented); coords: Nominatim (OSM): The Plantation Course, Uki'Uki Loop, Kapalua, Maui County, Hawaii, 95761, United States; elevation: Open-Meteo Elevation API (Copernicus GLO-90 DEM); weather: Open-Meteo Historical Weather API (ERA5-based hourly T, RH, MSL pressure), 07-18 h local on competition days",R2023016,radar,2023-01-05,2023-01-08,21.0046,-156.6350,1007.4,0.9976,0.9942,1960,4,"Nominatim (OSM): The Plantation Course, Uki'Uki Loop, Kapalua, Maui County, Hawaii, 95761, United States"
The RSM Classic,2022-23,PGA,Sea Island Golf Club (Seaside Course),6,10.1,60,1.0616,"event/dates: pgatour.com GraphQL Tournaments/StatDetails (undocumented); coords: Wikipedia article coordinates (MediaWiki API prop=coordinates): RSM Classic; elevation: Open-Meteo Elevation API (Copernicus GLO-90 DEM); weather: Open-Meteo Historical Weather API (ERA5-based hourly T, RH, MSL pressure), 07-18 h local on competition days",R2023493,radar,2022-11-17,2022-11-20,31.1380,-81.4060,1024.6,1.0645,1.0112,2469,4,Wikipedia article coordinates (MediaWiki API prop=coordinates): RSM Classic
Cadence Bank Houston Open,2022-23,PGA,Memorial Park Golf Course,19,16.7,67,1.0259,"event/dates: pgatour.com GraphQL Tournaments/StatDetails (undocumented); coords: Nominatim (OSM): Memorial Park Golf Course, 1001, East Memorial Loop Drive, Washington Avenue Coalition / M; elevation: Open-Meteo Elevation API (Copernicus GLO-90 DEM); weather: Open-Meteo Historical Weather API (ERA5-based hourly T, RH, MSL pressure), 07-18 h local on competition days",R2023020,radar,2022-11-10,2022-11-13,29.7713,-95.4371,1015.3,1.0314,1.0020,3142,4,"Nominatim (OSM): Memorial Park Golf Course, 1001, East Memorial Loop Drive, Washington Avenue Coalition / M"
THE CJ CUP in South Carolina,2022-23,PGA,Congaree Golf Club,33,16.5,54,1.0290,"event/dates: pgatour.com GraphQL Tournaments/StatDetails (undocumented); coords: Nominatim (OSM): Congaree Golf Club, 384, Davant Plantation Drive, Gillisonville, Ridgeland, Jasper County,; elevation: Open-Meteo Elevation API (Copernicus GLO-90 DEM); weather: Open-Meteo Historical Weather API (ERA5-based hourly T, RH, MSL pressure), 07-18 h local on competition days",R2023521,radar,2022-10-20,2022-10-23,32.5967,-81.0066,1016.4,1.0328,1.0031,3443,4,"Nominatim (OSM): Congaree Golf Club, 384, Davant Plantation Drive, Gillisonville, Ridgeland, Jasper County,"
Shriners Children's Open,2022-23,PGA,TPC Summerlin,820,26.9,24,0.9061,"event/dates: pgatour.com GraphQL Tournaments/StatDetails (undocumented); coords: Nominatim (OSM): TPC Summerlin, 1700, Village Center Circle, The Hills South, Summerlin North, Summerlin, L; elevation: Open-Meteo Elevation API (Copernicus GLO-90 DEM); weather: Open-Meteo Historical Weather API (ERA5-based hourly T, RH, MSL pressure), 07-18 h local on competition days",R2023047,radar,2022-10-06,2022-10-09,36.1881,-115.2945,926.9,0.9091,0.9148,2670,4,"Nominatim (OSM): TPC Summerlin, 1700, Village Center Circle, The Hills South, Summerlin North, Summerlin, L"
Sanderson Farms Championship,2022-23,PGA,The Country Club of Jackson,85,20.4,50,1.0069,"event/dates: pgatour.com GraphQL Tournaments/StatDetails (undocumented); coords: Nominatim (OSM): The Country Club of Jackson, 345, Saint Andrews Drive, The Country Club of Jackson, Rollin; elevation: Open-Meteo Elevation API (Copernicus GLO-90 DEM); weather: Open-Meteo Historical Weather API (ERA5-based hourly T, RH, MSL pressure), 07-18 h local on competition days",R2023054,radar,2022-09-29,2022-10-02,32.3957,-90.0935,1008.5,1.0113,0.9953,3643,4,"Nominatim (OSM): The Country Club of Jackson, 345, Saint Andrews Drive, The Country Club of Jackson, Rollin"
Fortinet Championship,2022-23,PGA,Silverado Resort (North Course),29,19.9,66,1.0060,"event/dates: pgatour.com GraphQL Tournaments/StatDetails (undocumented); coords: Nominatim (OSM): Silverado Resort, Castle Oaks Drive, Napa County, California, 94558, United States; elevation: Open-Meteo Elevation API (Copernicus GLO-90 DEM); weather: Open-Meteo Historical Weather API (ERA5-based hourly T, RH, MSL pressure), 07-18 h local on competition days",R2023464,radar,2022-09-15,2022-09-18,38.3514,-122.2613,1007.0,1.0114,0.9939,2446,4,"Nominatim (OSM): Silverado Resort, Castle Oaks Drive, Napa County, California, 94558, United States"
ZOZO CHAMPIONSHIP (2022),2022-23,PGA,Accordia Golf Narashino Country Club,27,19.5,82,1.0152,"event/dates: pgatour.com GraphQL Tournaments (undocumented); coords: Nominatim (OSM): 習志野CCキング・クイーンコース, 千葉竜ヶ崎線バイパス, 鹿黒南五丁目, 別所, 印西市, 千葉県, 270-1327, 日本; elevation: Open-Meteo Elevation API (Copernicus GLO-90 DEM); weather: Open-Meteo Historical Weather API (ERA5-based hourly T, RH, MSL pressure), 07-18 h local on competition days",R2023527,nonradar,2022-10-13,2022-10-16,35.8141,140.1470,1016.5,1.0222,1.0032,0,4,"Nominatim (OSM): 習志野CCキング・クイーンコース, 千葉竜ヶ崎線バイパス, 鹿黒南五丁目, 別所, 印西市, 千葉県, 270-1327, 日本"
Butterfield Bermuda Championship (2022),2022-23,PGA,Port Royal Golf Course,22,24.1,86,0.9918,"event/dates: pgatour.com GraphQL Tournaments (undocumented); coords: Nominatim (OSM): Port Royal Golf Course, Rose Hill Road, Southampton, SB 03, Bermuda; elevation: Open-Meteo Elevation API (Copernicus GLO-90 DEM); weather: Open-Meteo Historical Weather API (ERA5-based hourly T, RH, MSL pressure), 07-18 h local on competition days",R2023528,nonradar,2022-10-27,2022-10-30,32.2625,-64.8744,1011.7,1.0015,0.9985,0,4,"Nominatim (OSM): Port Royal Golf Course, Rose Hill Road, Southampton, SB 03, Bermuda"
World Wide Technology Championship (2022),2022-23,PGA,El Camaleon Golf Course,4,27.4,75,0.9815,"event/dates: pgatour.com GraphQL Tournaments (undocumented); coords: Nominatim (OSM): El Camaleón Golf Course, Carretera Reforma Agraria - Puerto Juárez, La Gloria, Playa del S; elevation: Open-Meteo Elevation API (Copernicus GLO-90 DEM); weather: Open-Meteo Historical Weather API (ERA5-based hourly T, RH, MSL pressure), 07-18 h local on competition days",R2023457,nonradar,2022-11-03,2022-11-06,20.6894,-87.0286,1012.7,0.9916,0.9995,0,4,"Nominatim (OSM): El Camaleón Golf Course, Carretera Reforma Agraria - Puerto Juárez, La Gloria, Playa del S"
Puerto Rico Open,2022-23,PGA,Grand Reserve Golf Club,4,25.4,74,0.9933,"event/dates: pgatour.com GraphQL Tournaments (undocumented); coords: Wikipedia article coordinates (MediaWiki API prop=coordinates): Puerto Rico Open; elevation: Open-Meteo Elevation API (Copernicus GLO-90 DEM); weather: Open-Meteo Historical Weather API (ERA5-based hourly T, RH, MSL pressure), 07-18 h local on competition days",R2023483,nonradar,2023-03-02,2023-03-05,18.4050,-65.7990,1016.7,1.0021,1.0034,0,4,Wikipedia article coordinates (MediaWiki API prop=coordinates): Puerto Rico Open
WGC-Dell Technologies Match Play,2022-23,PGA,Austin Country Club,183,22.4,61,0.9801,"event/dates: pgatour.com GraphQL Tournaments (undocumented); coords: Nominatim (OSM): Austin Country Club, 4408, Long Champ Drive, Austin, Travis County, Texas, 78746, United S; elevation: Open-Meteo Elevation API (Copernicus GLO-90 DEM); weather: Open-Meteo Historical Weather API (ERA5-based hourly T, RH, MSL pressure), 07-18 h local on competition days",R2023470,nonradar,2023-03-22,2023-03-26,30.3429,-97.7975,990.6,0.9863,0.9776,0,5,"Nominatim (OSM): Austin Country Club, 4408, Long Champ Drive, Austin, Travis County, Texas, 78746, United S"
Corales Puntacana Championship,2022-23,PGA,Corales Golf Course,9,26.4,61,0.9915,"event/dates: pgatour.com GraphQL Tournaments (undocumented); coords: Nominatim (OSM): Corales Golf Course, Carretera Aeropuerto, Punta Cana, Higüey, La Altagracia, 41201, Repúb; elevation: Open-Meteo Elevation API (Copernicus GLO-90 DEM); weather: Open-Meteo Historical Weather API (ERA5-based hourly T, RH, MSL pressure), 07-18 h local on competition days",R2023522,nonradar,2023-03-23,2023-03-26,18.5656,-68.3448,1017.2,0.9993,1.0039,0,4,"Nominatim (OSM): Corales Golf Course, Carretera Aeropuerto, Punta Cana, Higüey, La Altagracia, 41201, Repúb"
Masters Tournament,2022-23,PGA,Augusta National Golf Club,75,17.4,78,1.0221,"event/dates: pgatour.com GraphQL Tournaments (undocumented); coords: Nominatim (OSM): Augusta National Golf Club, 2604, Washington Road, Windsor Court, National Hills, Augusta,; elevation: Open-Meteo Elevation API (Copernicus GLO-90 DEM); weather: Open-Meteo Historical Weather API (ERA5-based hourly T, RH, MSL pressure), 07-18 h local on competition days",R2023014,nonradar,2023-04-06,2023-04-09,33.5006,-82.0226,1014.6,1.0283,1.0013,0,4,"Nominatim (OSM): Augusta National Golf Club, 2604, Washington Road, Windsor Court, National Hills, Augusta,"
Zurich Classic of New Orleans,2022-23,PGA,TPC Louisiana,0,22.7,61,1.0041,"event/dates: pgatour.com GraphQL Tournaments (undocumented); coords: Wikipedia article coordinates (MediaWiki API prop=coordinates): TPC of Louisiana; elevation: Open-Meteo Elevation API (Copernicus GLO-90 DEM); weather: Open-Meteo Historical Weather API (ERA5-based hourly T, RH, MSL pressure), 07-18 h local on competition days",R2023018,nonradar,2023-04-20,2023-04-23,29.9020,-90.1900,1015.7,1.0103,1.0024,0,4,Wikipedia article coordinates (MediaWiki API prop=coordinates): TPC of Louisiana
Barracuda Championship,2022-23,PGA,Old Greenwood (Tahoe Mountain Club),1803,27.7,23,0.8101,"event/dates: pgatour.com GraphQL Tournaments (undocumented); coords: Nominatim (OSM): Old Greenwood Golf Course, 12915, Fairway Drive, Truckee, Nevada County, California, 96161; elevation: Open-Meteo Elevation API (Copernicus GLO-90 DEM); weather: Open-Meteo Historical Weather API (ERA5-based hourly T, RH, MSL pressure), 07-18 h local on competition days",R2023472,nonradar,2023-07-20,2023-07-23,39.3460,-120.1509,830.7,0.8127,0.8199,0,4,"Nominatim (OSM): Old Greenwood Golf Course, 12915, Fairway Drive, Truckee, Nevada County, California, 96161"
The Open Championship,2022-23,PGA,Royal Liverpool Golf Club,10,15.9,81,1.0199,"event/dates: pgatour.com GraphQL Tournaments (undocumented); coords: Nominatim (OSM): Royal Liverpool Golf Club, 30, Meols Drive, Meols, West Kirby, Wirral, Liverpool City Regi; elevation: Open-Meteo Elevation API (Copernicus GLO-90 DEM); weather: Open-Meteo Historical Weather API (ERA5-based hourly T, RH, MSL pressure), 07-18 h local on competition days",R2023100,nonradar,2023-07-20,2023-07-23,53.3874,-3.1850,1007.5,1.0256,0.9943,0,4,"Nominatim (OSM): Royal Liverpool Golf Club, 30, Meols Drive, Meols, West Kirby, Wirral, Liverpool City Regi"
ZOZO CHAMPIONSHIP (2023),2022-23,PGA,Accordia Golf Narashino Country Club,27,20.0,61,1.0084,"event/dates: pgatour.com GraphQL Tournaments (undocumented); coords: Nominatim (OSM): 習志野CCキング・クイーンコース, 千葉竜ヶ崎線バイパス, 鹿黒南五丁目, 別所, 印西市, 千葉県, 270-1327, 日本; elevation: Open-Meteo Elevation API (Copernicus GLO-90 DEM); weather: Open-Meteo Historical Weather API (ERA5-based hourly T, RH, MSL pressure), 07-18 h local on competition days",R2023546,nonradar,2023-10-19,2023-10-22,35.8141,140.1470,1009.9,1.0138,0.9967,0,4,"Nominatim (OSM): 習志野CCキング・クイーンコース, 千葉竜ヶ崎線バイパス, 鹿黒南五丁目, 別所, 印西市, 千葉県, 270-1327, 日本"
World Wide Technology Championship (2023),2022-23,PGA,El Cardonal at Diamante,102,27.3,58,0.9726,"event/dates: pgatour.com GraphQL Tournaments (undocumented); coords: Nominatim Diamante Boulevard, Cabo San Lucas (course not in OSM) - nearby road; elevation: Open-Meteo Elevation API (Copernicus GLO-90 DEM); weather: Open-Meteo Historical Weather API (ERA5-based hourly T, RH, MSL pressure), 07-18 h local on competition days",R2023547,nonradar,2023-11-02,2023-11-05,22.9084,-109.9864,1001.1,0.9804,0.9880,0,4,"Nominatim Diamante Boulevard, Cabo San Lucas (course not in OSM) - nearby road"
Butterfield Bermuda Championship (2023),2022-23,PGA,Port Royal Golf Course,22,23.0,75,1.0039,"event/dates: pgatour.com GraphQL Tournaments (undocumented); coords: Nominatim (OSM): Port Royal Golf Course, Rose Hill Road, Southampton, SB 03, Bermuda; elevation: Open-Meteo Elevation API (Copernicus GLO-90 DEM); weather: Open-Meteo Historical Weather API (ERA5-based hourly T, RH, MSL pressure), 07-18 h local on competition days",R2023548,nonradar,2023-11-09,2023-11-12,32.2625,-64.8744,1018.1,1.0117,1.0048,0,4,"Nominatim (OSM): Port Royal Golf Course, Rose Hill Road, Southampton, SB 03, Bermuda"
Hilton Grand Vacations Tournament of Champions,2023,LPGA,Lake Nona Golf & Country Club,30,21.7,66,1.0061,"event/dates: Wikipedia 2023 LPGA Tour + event article (MediaWiki API); coords: Wikipedia article coordinates (MediaWiki API prop=coordinates): Lake Nona Golf & Country Club; elevation: Open-Meteo Elevation API (Copernicus GLO-90 DEM); weather: Open-Meteo Historical Weather API (ERA5-based hourly T, RH, MSL pressure), 07-18 h local on competition days",L202301,lpga,2023-01-19,2023-01-22,28.4148,-81.2622,1014.5,1.0125,1.0012,0,4,Wikipedia article coordinates (MediaWiki API prop=coordinates): Lake Nona Golf & Country Club
Honda LPGA Thailand,2023,LPGA,Siam Country Club Old Course,67,28.5,53,0.9737,"event/dates: Wikipedia 2023 LPGA Tour + event article (MediaWiki API); coords: Nominatim (OSM): สยามคันทรีคลับ โอลด์คอร์ส, สุขุมวิทพัทยา 47, โป่ง, อำเภอบางละมุง, จังหวัดชลบุรี, 20150, ปร; elevation: Open-Meteo Elevation API (Copernicus GLO-90 DEM); weather: Open-Meteo Historical Weather API (ERA5-based hourly T, RH, MSL pressure), 07-18 h local on competition days",L202302,lpga,2023-02-23,2023-02-26,12.9108,100.9850,1005.7,0.9811,0.9926,0,4,"Nominatim (OSM): สยามคันทรีคลับ โอลด์คอร์ส, สุขุมวิทพัทยา 47, โป่ง, อำเภอบางละมุง, จังหวัดชลบุรี, 20150, ปร"
HSBC Women's World Championship,2023,LPGA,Sentosa Golf Club (Tanjong),28,24.9,87,0.9872,"event/dates: Wikipedia 2023 LPGA Tour + event article (MediaWiki API); coords: Nominatim (OSM): Sentosa Golf Club, 27, Bukit Manis Road, Sentosa, Southern Islands, Central Region, Singap; elevation: Open-Meteo Elevation API (Copernicus GLO-90 DEM); weather: Open-Meteo Historical Weather API (ERA5-based hourly T, RH, MSL pressure), 07-18 h local on competition days",L202303,lpga,2023-03-02,2023-03-05,1.2439,103.8294,1010.4,0.9974,0.9972,0,4,"Nominatim (OSM): Sentosa Golf Club, 27, Bukit Manis Road, Sentosa, Southern Islands, Central Region, Singap"
LPGA Drive On Championship,2023,LPGA,Superstition Mountain Golf & Country Club,574,13.8,47,0.9721,"event/dates: Wikipedia 2023 LPGA Tour + event article (MediaWiki API); coords: Nominatim (OSM): Superstition Mountain Golf, South White Horn Drive, Superstition Mountain, Gold Canyon, Pi; elevation: Open-Meteo Elevation API (Copernicus GLO-90 DEM); weather: Open-Meteo Historical Weather API (ERA5-based hourly T, RH, MSL pressure), 07-18 h local on competition days",L202304,lpga,2023-03-23,2023-03-26,33.3864,-111.4605,950.4,0.9748,0.9380,0,4,"Nominatim (OSM): Superstition Mountain Golf, South White Horn Drive, Superstition Mountain, Gold Canyon, Pi"
DIO Implant LA Open,2023,LPGA,Palos Verdes Golf Club,112,13.1,77,1.0289,"event/dates: Wikipedia 2023 LPGA Tour + event article (MediaWiki API); coords: Nominatim (OSM): Palos Verdes Golf Club, 3301, Via Campesina, Rancho Palos Verdes, Los Angeles County, Cali; elevation: Open-Meteo Elevation API (Copernicus GLO-90 DEM); weather: Open-Meteo Historical Weather API (ERA5-based hourly T, RH, MSL pressure), 07-18 h local on competition days",L202305,lpga,2023-03-30,2023-04-02,33.7984,-118.3754,1005.4,1.0334,0.9922,0,4,"Nominatim (OSM): Palos Verdes Golf Club, 3301, Via Campesina, Rancho Palos Verdes, Los Angeles County, Cali"
Lotte Championship,2023,LPGA,Hoakalei Country Club,3,25.4,58,0.9947,"event/dates: Wikipedia 2023 LPGA Tour + event article (MediaWiki API); coords: Nominatim (OSM): Hoakalei Country Club, Kailipolipo Street, Kapolei, Honolulu County, Hawaii, 96706, United; elevation: Open-Meteo Elevation API (Copernicus GLO-90 DEM); weather: Open-Meteo Historical Weather API (ERA5-based hourly T, RH, MSL pressure), 07-18 h local on competition days",L202306,lpga,2023-04-12,2023-04-15,21.3148,-158.0406,1016.3,1.0017,1.0031,0,4,"Nominatim (OSM): Hoakalei Country Club, Kailipolipo Street, Kapolei, Honolulu County, Hawaii, 96706, United"
Chevron Championship,2023,LPGA,The Club at Carlton Woods (Nicklaus),56,20.9,72,1.0020,"event/dates: Wikipedia 2023 LPGA Tour + event article (MediaWiki API); coords: Nominatim: Jack Nicklaus Signature Golf Course at Carlton Woods; elevation: Open-Meteo Elevation API (Copernicus GLO-90 DEM); weather: Open-Meteo Historical Weather API (ERA5-based hourly T, RH, MSL pressure), 07-18 h local on competition days",L202307,lpga,2023-04-20,2023-04-23,30.1951,-95.5489,1007.9,1.0088,0.9947,0,4,Nominatim: Jack Nicklaus Signature Golf Course at Carlton Woods
JM Eagle LA Championship,2023,LPGA,Wilshire Country Club,72,18.2,69,1.0105,"event/dates: Wikipedia 2023 LPGA Tour + event article (MediaWiki API); coords: Nominatim (OSM): Wilshire Country Club, Clinton Street, Hancock Park, Fairfax, Los Angeles, Los Angeles Cou; elevation: Open-Meteo Elevation API (Copernicus GLO-90 DEM); weather: Open-Meteo Historical Weather API (ERA5-based hourly T, RH, MSL pressure), 07-18 h local on competition days",L202308,lpga,2023-04-27,2023-04-30,34.0727,-118.3297,1005.5,1.0158,0.9923,0,4,"Nominatim (OSM): Wilshire Country Club, Clinton Street, Hancock Park, Fairfax, Los Angeles, Los Angeles Cou"
Cognizant Founders Cup,2023,LPGA,Upper Montclair Country Club,55,22.6,42,1.0030,"event/dates: Wikipedia 2023 LPGA Tour + event article (MediaWiki API); coords: Nominatim (OSM): Upper Montclair Country Club, Joyce Lane, Allwood, Clifton, Passaic County, New Jersey, 07; elevation: Open-Meteo Elevation API (Copernicus GLO-90 DEM); weather: Open-Meteo Historical Weather API (ERA5-based hourly T, RH, MSL pressure), 07-18 h local on competition days",L202309,lpga,2023-05-11,2023-05-14,40.8436,-74.1743,1012.2,1.0073,0.9990,0,4,"Nominatim (OSM): Upper Montclair Country Club, Joyce Lane, Allwood, Clifton, Passaic County, New Jersey, 07"
Bank of Hope LPGA Match-Play,2023,LPGA,Shadow Creek Golf Course,604,29.8,13,0.9109,"event/dates: Wikipedia 2023 LPGA Tour + event article (MediaWiki API); coords: Nominatim (OSM): Shadow Creek Golf Course, 5400, Losee Road, North Las Vegas, Clark County, Nevada, 89031, ; elevation: Open-Meteo Elevation API (Copernicus GLO-90 DEM); weather: Open-Meteo Historical Weather API (ERA5-based hourly T, RH, MSL pressure), 07-18 h local on competition days",L202310,lpga,2023-05-24,2023-05-28,36.2580,-115.1061,939.6,0.9128,0.9274,0,5,"Nominatim (OSM): Shadow Creek Golf Course, 5400, Losee Road, North Las Vegas, Clark County, Nevada, 89031, "
Mizuho Americas Open,2023,LPGA,Liberty National Golf Club,5,21.7,55,1.0077,"event/dates: Wikipedia 2023 LPGA Tour + event article (MediaWiki API); coords: Nominatim (OSM): Liberty National Golf Club, 100, Caven Point Road, Communipaw, Jersey City, Hudson County,; elevation: Open-Meteo Elevation API (Copernicus GLO-90 DEM); weather: Open-Meteo Historical Weather API (ERA5-based hourly T, RH, MSL pressure), 07-18 h local on competition days",L202311,lpga,2023-06-01,2023-06-04,40.6941,-74.0741,1014.8,1.0130,1.0015,0,4,"Nominatim (OSM): Liberty National Golf Club, 100, Caven Point Road, Communipaw, Jersey City, Hudson County,"
ShopRite LPGA Classic,2023,LPGA,Seaview (Bay Course),24,22.3,54,0.9972,"event/dates: Wikipedia 2023 LPGA Tour + event article (MediaWiki API); coords: Nominatim (OSM): Seaview Golf Club Pines Course, South Marshall Avenue, Holly Brook, Seaview Park, Galloway; elevation: Open-Meteo Elevation API (Copernicus GLO-90 DEM); weather: Open-Meteo Historical Weather API (ERA5-based hourly T, RH, MSL pressure), 07-18 h local on competition days",L202312,lpga,2023-06-09,2023-06-11,39.4491,-74.4866,1006.6,1.0026,0.9935,0,3,"Nominatim (OSM): Seaview Golf Club Pines Course, South Marshall Avenue, Holly Brook, Seaview Park, Galloway"
Meijer LPGA Classic,2023,LPGA,Blythefield Country Club,212,21.1,55,0.9818,"event/dates: Wikipedia 2023 LPGA Tour + event article (MediaWiki API); coords: Nominatim (OSM): Blythefield Country Club, 5801, Northland Drive Northeast, Plainfield, Plainfield Charter ; elevation: Open-Meteo Elevation API (Copernicus GLO-90 DEM); weather: Open-Meteo Historical Weather API (ERA5-based hourly T, RH, MSL pressure), 07-18 h local on competition days",L202313,lpga,2023-06-15,2023-06-18,43.0685,-85.5868,986.1,0.9865,0.9732,0,4,"Nominatim (OSM): Blythefield Country Club, 5801, Northland Drive Northeast, Plainfield, Plainfield Charter "
KPMG Women's PGA Championship,2023,LPGA,Baltusrol Golf Club (Lower),53,21.9,79,0.9979,"event/dates: Wikipedia 2023 LPGA Tour + event article (MediaWiki API); coords: Nominatim (OSM): Baltusrol Golf Club, Shunpike Road, Springfield, Union County, New Jersey, 07081, United S; elevation: Open-Meteo Elevation API (Copernicus GLO-90 DEM); weather: Open-Meteo Historical Weather API (ERA5-based hourly T, RH, MSL pressure), 07-18 h local on competition days",L202314,lpga,2023-06-22,2023-06-25,40.7049,-74.3281,1008.2,1.0057,0.9950,0,4,"Nominatim (OSM): Baltusrol Golf Club, Shunpike Road, Springfield, Union County, New Jersey, 07081, United S"
U.S. Women's Open,2023,LPGA,Pebble Beach Golf Links,24,14.4,78,1.0311,"event/dates: Wikipedia 2023 LPGA Tour + event article (MediaWiki API); coords: Nominatim (OSM): Pebble Beach Golf Links, 1700, 17 Mile Drive, Pebble Beach, Del Monte Forest, Monterey Cou; elevation: Open-Meteo Elevation API (Copernicus GLO-90 DEM); weather: Open-Meteo Historical Weather API (ERA5-based hourly T, RH, MSL pressure), 07-18 h local on competition days",L202315,lpga,2023-07-06,2023-07-09,36.5697,-121.9497,1012.3,1.0360,0.9990,0,4,"Nominatim (OSM): Pebble Beach Golf Links, 1700, 17 Mile Drive, Pebble Beach, Del Monte Forest, Monterey Cou"
Dana Open,2023,LPGA,Highland Meadows Golf Club,198,23.9,67,0.9712,"event/dates: Wikipedia 2023 LPGA Tour + event article (MediaWiki API); coords: Nominatim (OSM): Highland Meadows Golf Club, Winding Way, Sylvania, Sylvania Township, Lucas County, Ohio, ; elevation: Open-Meteo Elevation API (Copernicus GLO-90 DEM); weather: Open-Meteo Historical Weather API (ERA5-based hourly T, RH, MSL pressure), 07-18 h local on competition days",L202316,lpga,2023-07-13,2023-07-16,41.7159,-83.7202,987.7,0.9784,0.9748,0,4,"Nominatim (OSM): Highland Meadows Golf Club, Winding Way, Sylvania, Sylvania Township, Lucas County, Ohio, "
Dow Great Lakes Bay Invitational,2023,LPGA,Midland Country Club,191,22.9,63,0.9786,"event/dates: Wikipedia 2023 LPGA Tour + event article (MediaWiki API); coords: Nominatim (OSM): Midland Country Club, West Saint Andrews Road, Midland, Midland County, Michigan, 48640, U; elevation: Open-Meteo Elevation API (Copernicus GLO-90 DEM); weather: Open-Meteo Historical Weather API (ERA5-based hourly T, RH, MSL pressure), 07-18 h local on competition days",L202317,lpga,2023-07-19,2023-07-22,43.6297,-84.2430,991.1,0.9851,0.9781,0,4,"Nominatim (OSM): Midland Country Club, West Saint Andrews Road, Midland, Midland County, Michigan, 48640, U"
Amundi Evian Championship,2023,LPGA,Evian Resort Golf Club,470,22.4,59,0.9513,"event/dates: Wikipedia 2023 LPGA Tour + event article (MediaWiki API); coords: Wikipedia article coordinates (MediaWiki API prop=coordinates): Evian Resort Golf Club; elevation: Open-Meteo Elevation API (Copernicus GLO-90 DEM); weather: Open-Meteo Historical Weather API (ERA5-based hourly T, RH, MSL pressure), 07-18 h local on competition days",L202318,lpga,2023-07-27,2023-07-30,46.3933,6.5689,961.4,0.9572,0.9488,0,4,Wikipedia article coordinates (MediaWiki API prop=coordinates): Evian Resort Golf Club
FreeD Group Women's Scottish Open,2023,LPGA,Dundonald Links,8,15.2,74,1.0284,"event/dates: Wikipedia 2023 LPGA Tour + event article (MediaWiki API); coords: Nominatim (OSM): Dundonald Links, Ayr Road, Riverside Business Park, Gailes, Irvine, North Ayrshire, Alba /; elevation: Open-Meteo Elevation API (Copernicus GLO-90 DEM); weather: Open-Meteo Historical Weather API (ERA5-based hourly T, RH, MSL pressure), 07-18 h local on competition days",L202319,lpga,2023-08-03,2023-08-06,55.5852,-4.6528,1012.6,1.0333,0.9993,0,4,"Nominatim (OSM): Dundonald Links, Ayr Road, Riverside Business Park, Gailes, Irvine, North Ayrshire, Alba /"
AIG Women's Open,2023,LPGA,Walton Heath Golf Club,167,20.0,72,0.9943,"event/dates: Wikipedia 2023 LPGA Tour + event article (MediaWiki API); coords: Wikipedia article coordinates (MediaWiki API prop=coordinates): Walton Heath Golf Club; elevation: Open-Meteo Elevation API (Copernicus GLO-90 DEM); weather: Open-Meteo Historical Weather API (ERA5-based hourly T, RH, MSL pressure), 07-18 h local on competition days",L202320,lpga,2023-08-10,2023-08-13,51.2780,-0.2440,996.8,1.0007,0.9838,0,4,Wikipedia article coordinates (MediaWiki API prop=coordinates): Walton Heath Golf Club
ISPS Handa World Invitational,2023,LPGA,Galgorm Castle Golf Club,40,17.0,79,1.0151,"event/dates: Wikipedia 2023 LPGA Tour + event article (MediaWiki API); coords: Nominatim (OSM): Galgorm Castle Golf Club, Sourhill Road, Tullaghgarley, Ballymena, Mid and East Antrim Dis; elevation: Open-Meteo Elevation API (Copernicus GLO-90 DEM); weather: Open-Meteo Historical Weather API (ERA5-based hourly T, RH, MSL pressure), 07-18 h local on competition days",L202321,lpga,2023-08-17,2023-08-20,54.8518,-6.3109,1006.6,1.0209,0.9934,0,4,"Nominatim (OSM): Galgorm Castle Golf Club, Sourhill Road, Tullaghgarley, Ballymena, Mid and East Antrim Dis"
CPKC Women's Open,2023,LPGA,Shaughnessy Golf & Country Club,4,21.9,55,1.0087,"event/dates: Wikipedia 2023 LPGA Tour + event article (MediaWiki API); coords: Wikipedia article coordinates (MediaWiki API prop=coordinates): Shaughnessy Golf & Country Club; elevation: Open-Meteo Elevation API (Copernicus GLO-90 DEM); weather: Open-Meteo Historical Weather API (ERA5-based hourly T, RH, MSL pressure), 07-18 h local on competition days",L202322,lpga,2023-08-24,2023-08-27,49.2240,-123.1850,1016.4,1.0140,1.0031,0,4,Wikipedia article coordinates (MediaWiki API prop=coordinates): Shaughnessy Golf & Country Club
Portland Classic,2023,LPGA,Columbia Edgewater Country Club,7,21.0,71,1.0054,"event/dates: Wikipedia 2023 LPGA Tour + event article (MediaWiki API); coords: Nominatim (OSM): Columbia Edgewater Country Club, 2220, Northeast Marine Drive, East Columbia, Portland, Mu; elevation: Open-Meteo Elevation API (Copernicus GLO-90 DEM); weather: Open-Meteo Historical Weather API (ERA5-based hourly T, RH, MSL pressure), 07-18 h local on competition days",L202323,lpga,2023-08-31,2023-09-03,45.5954,-122.6465,1011.2,1.0117,0.9980,0,4,"Nominatim (OSM): Columbia Edgewater Country Club, 2220, Northeast Marine Drive, East Columbia, Portland, Mu"
Kroger Queen City Championship,2023,LPGA,Kenwood Country Club,264,22.5,69,0.9742,"event/dates: Wikipedia 2023 LPGA Tour + event article (MediaWiki API); coords: Nominatim (OSM): Kenwood Country Club, 6501, Kenwood Road, Country Club Acres, Cincinnati, Hamilton County,; elevation: Open-Meteo Elevation API (Copernicus GLO-90 DEM); weather: Open-Meteo Historical Weather API (ERA5-based hourly T, RH, MSL pressure), 07-18 h local on competition days",L202324,lpga,2023-09-07,2023-09-10,39.1854,-84.3880,985.5,0.9811,0.9726,0,4,"Nominatim (OSM): Kenwood Country Club, 6501, Kenwood Road, Country Club Acres, Cincinnati, Hamilton County,"
Walmart NW Arkansas Championship,2023,LPGA,Pinnacle Country Club,384,26.7,55,0.9505,"event/dates: Wikipedia 2023 LPGA Tour + event article (MediaWiki API); coords: Wikipedia article coordinates (MediaWiki API prop=coordinates): Pinnacle Country Club; elevation: Open-Meteo Elevation API (Copernicus GLO-90 DEM); weather: Open-Meteo Historical Weather API (ERA5-based hourly T, RH, MSL pressure), 07-18 h local on competition days",L202325,lpga,2023-09-29,2023-10-01,36.2970,-94.1990,975.3,0.9574,0.9626,0,3,Wikipedia article coordinates (MediaWiki API prop=coordinates): Pinnacle Country Club
The Ascendant LPGA (Volunteers of America Classic),2023,LPGA,Old American Golf Club,162,21.7,53,0.9945,"event/dates: Wikipedia 2023 LPGA Tour + event article (MediaWiki API); coords: Nominatim (OSM): Old American Golf Club, 1001, Lebanon Road, Stewart Peninsula, The Colony, Denton County, ; elevation: Open-Meteo Elevation API (Copernicus GLO-90 DEM); weather: Open-Meteo Historical Weather API (ERA5-based hourly T, RH, MSL pressure), 07-18 h local on competition days",L202326,lpga,2023-10-05,2023-10-08,33.0961,-96.9264,1001.7,0.9998,0.9886,0,4,"Nominatim (OSM): Old American Golf Club, 1001, Lebanon Road, Stewart Peninsula, The Colony, Denton County, "
Buick LPGA Shanghai,2023,LPGA,Qizhong Garden Golf Club,3,20.7,72,1.0120,"event/dates: Wikipedia 2023 LPGA Tour + event article (MediaWiki API); coords: Wikipedia article coordinates (MediaWiki API prop=coordinates): Buick LPGA Shanghai (Qizhong Garden GC); elevation: Open-Meteo Elevation API (Copernicus GLO-90 DEM); weather: Open-Meteo Historical Weather API (ERA5-based hourly T, RH, MSL pressure), 07-18 h local on competition days",L202327,lpga,2023-10-12,2023-10-15,31.0560,121.3540,1017.3,1.0186,1.0040,0,4,Wikipedia article coordinates (MediaWiki API prop=coordinates): Buick LPGA Shanghai (Qizhong Garden GC)
BMW Ladies Championship,2023,LPGA,Seowon Valley Country Club (Seowon Hills),81,12.9,60,1.0345,"event/dates: Wikipedia 2023 LPGA Tour + event article (MediaWiki API); coords: Nominatim Gwangtan-myeon, Paju (Seowon Valley CC not in OSM) - district-level; elevation: Open-Meteo Elevation API (Copernicus GLO-90 DEM); weather: Open-Meteo Historical Weather API (ERA5-based hourly T, RH, MSL pressure), 07-18 h local on competition days",L202328,lpga,2023-10-19,2023-10-22,37.7797,126.8821,1009.0,1.0382,0.9958,0,4,"Nominatim Gwangtan-myeon, Paju (Seowon Valley CC not in OSM) - district-level"
Maybank Championship,2023,LPGA,Kuala Lumpur Golf & Country Club (West),56,26.7,83,0.9752,"event/dates: Wikipedia 2023 LPGA Tour + event article (MediaWiki API); coords: Nominatim (OSM): Kuala Lumpur Golf & Country Club, Lebuhraya Sprint (Kerinchi Link), Bukit Kiara, Bukit Dam; elevation: Open-Meteo Elevation API (Copernicus GLO-90 DEM); weather: Open-Meteo Historical Weather API (ERA5-based hourly T, RH, MSL pressure), 07-18 h local on competition days",L202329,lpga,2023-10-26,2023-10-29,3.1400,101.6397,1004.7,0.9860,0.9916,0,4,"Nominatim (OSM): Kuala Lumpur Golf & Country Club, Lebuhraya Sprint (Kerinchi Link), Bukit Kiara, Bukit Dam"
Toto Japan Classic,2023,LPGA,Taiheiyo Club Minori Course,28,20.1,75,1.0147,"event/dates: Wikipedia 2023 LPGA Tour + event article (MediaWiki API); coords: Nominatim Omitama city, Ibaraki (Taiheiyo Club Minori not in OSM) - city-level; elevation: Open-Meteo Elevation API (Copernicus GLO-90 DEM); weather: Open-Meteo Historical Weather API (ERA5-based hourly T, RH, MSL pressure), 07-18 h local on competition days",L202330,lpga,2023-11-02,2023-11-05,36.2390,140.3524,1017.9,1.0214,1.0046,0,4,"Nominatim Omitama city, Ibaraki (Taiheiyo Club Minori not in OSM) - city-level"
The Annika,2023,LPGA,Pelican Golf Club,16,26.0,68,0.9916,"event/dates: Wikipedia 2023 LPGA Tour + event article (MediaWiki API); coords: Nominatim (OSM): Pelican Golf Club, 1501, Indian Rocks Road, Belleair, Pinellas County, Florida, 33756, Uni; elevation: Open-Meteo Elevation API (Copernicus GLO-90 DEM); weather: Open-Meteo Historical Weather API (ERA5-based hourly T, RH, MSL pressure), 07-18 h local on competition days",L202331,lpga,2023-11-09,2023-11-12,27.9307,-82.8081,1016.5,0.9999,1.0032,0,4,"Nominatim (OSM): Pelican Golf Club, 1501, Indian Rocks Road, Belleair, Pinellas County, Florida, 33756, Uni"
CME Group Tour Championship,2023,LPGA,Tiburon Golf Club (Gold),4,23.5,78,0.9932,"event/dates: Wikipedia 2023 LPGA Tour + event article (MediaWiki API); coords: Nominatim (OSM): Tiburón Golf Club, Maxwell Court, Collier County, Florida, 34109, United States; elevation: Open-Meteo Elevation API (Copernicus GLO-90 DEM); weather: Open-Meteo Historical Weather API (ERA5-based hourly T, RH, MSL pressure), 07-18 h local on competition days",L202332,lpga,2023-11-16,2023-11-19,26.2473,-81.7485,1009.5,1.0016,0.9963,0,4,"Nominatim (OSM): Tiburón Golf Club, Maxwell Court, Collier County, Florida, 34109, United States"
