source,ball,Re,S,CD,CL,quantity,value,method,uncertainty
Polara US8202178 Fig18,Titleist Pro V1 (c.2008-10),58900,0.0405,,0.092,,,"wind tunnel spindle 1/16 in; marker centre read visually from 2x crop","+-0.005 CL; tunnel offset CL(S=0) ~ -0.05 to -0.08"
Polara US8202178 Fig18,Titleist Pro V1 (c.2008-10),58900,0.0456,,0.096,,,"wind tunnel spindle; visual 2x crop","+-0.005 CL"
Polara US8202178 Fig18,Titleist Pro V1 (c.2008-10),58900,0.0516,,0.113,,,"wind tunnel spindle; visual 2x crop","+-0.005 CL"
Polara US8202178 Fig18,Titleist Pro V1 (c.2008-10),58900,0.0552,,0.108,,,"wind tunnel spindle; visual 2x crop","+-0.005 CL"
Polara US8202178 Fig18,Titleist Pro V1 (c.2008-10),58900,0.0591,,0.114,,,"wind tunnel spindle; visual 2x crop","+-0.005 CL"
Polara US8202178 Fig18,Titleist Pro V1 (c.2008-10),58900,0.0645,,0.107,,,"wind tunnel spindle; marker centroid after grid erase","+-0.003 S, +-0.005 CL"
Polara US8202178 Fig18,Titleist Pro V1 (c.2008-10),58900,0.0708,,0.092,,,"wind tunnel spindle; marker centroid","+-0.003 S, +-0.005 CL"
Polara US8202178 Fig18,Titleist Pro V1 (c.2008-10),58900,0.0806,,0.116,,,"wind tunnel spindle; marker centroid","+-0.003 S, +-0.005 CL"
Polara US8202178 Fig18,Titleist Pro V1 (c.2008-10),58900,0.0854,,0.096,,,"wind tunnel spindle; marker centroid","+-0.003 S, +-0.005 CL"
Polara US8202178 Fig18,Titleist Pro V1 (c.2008-10),58900,0.0908,,0.110,,,"wind tunnel spindle; marker centroid","+-0.003 S, +-0.005 CL"
Polara US8202178 Fig18,Titleist Pro V1 (c.2008-10),58900,0.0971,,0.093,,,"wind tunnel spindle; marker centroid","+-0.003 S, +-0.005 CL"
Polara US8202178 Fig18,Titleist Pro V1 (c.2008-10),58900,0.1036,,0.116,,,"wind tunnel spindle; marker centroid","+-0.003 S, +-0.005 CL"
Polara US8202178 Fig18,Titleist Pro V1 (c.2008-10),58900,0.1102,,0.118,,,"wind tunnel spindle; marker centroid","+-0.003 S, +-0.005 CL"
Polara US8202178 Fig18,Titleist Pro V1 (c.2008-10),58900,0.1164,,0.115,,,"wind tunnel spindle; marker centroid","+-0.003 S, +-0.005 CL"
Polara US8202178 Fig18,Titleist Pro V1 (c.2008-10),58900,0.1241,,0.127,,,"wind tunnel spindle; marker centroid","+-0.003 S, +-0.005 CL"
Polara US8202178 Fig18,Titleist Pro V1 (c.2008-10),58900,0.1315,,0.119,,,"wind tunnel spindle; marker centroid","+-0.003 S, +-0.005 CL"
Polara US8202178 Fig18,Titleist Pro V1 (c.2008-10),58900,0.1408,,0.132,,,"wind tunnel spindle; marker centroid","+-0.003 S, +-0.005 CL"
Polara US8202178 Fig18,Titleist Pro V1 (c.2008-10),58900,0.1483,,0.123,,,"wind tunnel spindle; marker centroid","+-0.003 S, +-0.005 CL"
Polara US8202178 Fig18,Titleist Pro V1 (c.2008-10),58900,0.1547,,0.119,,,"wind tunnel spindle; marker centroid","+-0.003 S, +-0.005 CL"
Polara US8202178 Fig18,Titleist Pro V1 (c.2008-10),58900,0.1634,,0.139,,,"wind tunnel spindle; marker centroid","+-0.003 S, +-0.005 CL"
Polara US8202178 Fig18,Titleist Pro V1 (c.2008-10),58900,0.1739,,0.155,,,"wind tunnel spindle; marker centroid","+-0.003 S, +-0.005 CL"
Polara US8202178 Fig18,Titleist Pro V1 (c.2008-10),58900,0.1809,,0.165,,,"wind tunnel spindle; marker centroid","+-0.003 S, +-0.005 CL"
Polara US8202178 Fig18,Titleist Pro V1 (c.2008-10),58900,0.1929,,0.200,,,"wind tunnel spindle; marker centroid","+-0.003 S, +-0.005 CL"
Polara US8202178 Fig18,Titleist Pro V1 (c.2008-10),58900,0.2052,,0.224,,,"wind tunnel spindle; marker centroid","+-0.003 S, +-0.005 CL"
Polara US8202178 Fig18,Titleist Pro V1 (c.2008-10),58900,0.2589,,0.325,,,"wind tunnel spindle; marker centroid (points at S 0.21-0.25 hidden in the high-Re cluster)","+-0.003 S, +-0.005 CL"
Polara US8202178 Fig18,Titleist Pro V1 (c.2008-10),58900,0.2705,,0.372,,,"wind tunnel spindle; marker centroid","+-0.003 S, +-0.005 CL"
Polara US8202178 Fig18,Titleist Pro V1 (c.2008-10),58900,0.2776,,0.401,,,"wind tunnel spindle; marker centroid","+-0.003 S, +-0.005 CL"
Polara US8202178 Fig18,Titleist Pro V1 (c.2008-10),58900,0.2878,,0.405,,,"wind tunnel spindle; marker centroid","+-0.003 S, +-0.005 CL"
Polara US8202178 Fig18,Titleist Pro V1 (c.2008-10),58900,0.2981,,0.412,,,"wind tunnel spindle; marker centroid","+-0.003 S, +-0.005 CL"
Polara US8202178 Fig18,Titleist Pro V1 (c.2008-10),58900,0.3062,,0.434,,,"wind tunnel spindle; marker centroid","+-0.003 S, +-0.005 CL"
Polara US8202178 Fig18,Titleist Pro V1 (c.2008-10),58900,0.3172,,0.443,,,"wind tunnel spindle; marker centroid","+-0.003 S, +-0.005 CL"
Polara US8202178 Fig18,Titleist Pro V1 (c.2008-10),58900,0.3303,,0.460,,,"wind tunnel spindle; marker centroid","+-0.003 S, +-0.005 CL"
Polara US8202178 Fig18,Titleist Pro V1 (c.2008-10),58900,0.3403,,0.471,,,"wind tunnel spindle; marker centroid","+-0.003 S, +-0.005 CL"
Polara US8202178 Fig18,Titleist Pro V1 (c.2008-10),58900,0.3497,,0.487,,,"wind tunnel spindle; marker centroid","+-0.003 S, +-0.005 CL"
Polara US8202178 Fig18,Titleist Pro V1 (c.2008-10),130000,0.04,,0.150,,,"wind tunnel spindle; median ink-pixel CL of pooled Re 89400-195200 cluster in strip S+-0.006 (Re column = nominal midpoint)","IQR 0.142-0.156"
Polara US8202178 Fig18,Titleist Pro V1 (c.2008-10),130000,0.06,,0.165,,,"pooled Re 89400-195200 cluster median","IQR 0.153-0.175"
Polara US8202178 Fig18,Titleist Pro V1 (c.2008-10),130000,0.08,,0.186,,,"pooled Re 89400-195200 cluster median","IQR 0.172-0.195"
Polara US8202178 Fig18,Titleist Pro V1 (c.2008-10),130000,0.10,,0.198,,,"pooled Re 89400-195200 cluster median","IQR 0.185-0.214"
Polara US8202178 Fig18,Titleist Pro V1 (c.2008-10),130000,0.12,,0.210,,,"pooled Re 89400-195200 cluster median","IQR 0.199-0.223"
Polara US8202178 Fig18,Titleist Pro V1 (c.2008-10),130000,0.14,,0.222,,,"pooled Re 89400-195200 cluster median","IQR 0.212-0.229"
Polara US8202178 Fig18,Titleist Pro V1 (c.2008-10),130000,0.16,,0.235,,,"pooled Re 89400-195200 cluster median","IQR 0.228-0.243"
Polara US8202178 Fig18,Titleist Pro V1 (c.2008-10),130000,0.20,,0.260,,,"pooled Re 89400-195200 cluster median","IQR 0.252-0.271"
Polara US8202178 Fig18,Titleist Pro V1 (c.2008-10),130000,0.24,,0.286,,,"pooled Re 89400-195200 cluster median","IQR 0.275-0.299"
Polara US8202178 Fig18,Titleist Pro V1 (c.2008-10),130000,0.28,,0.314,,,"pooled Re 89400-195200 cluster median","IQR 0.303-0.322"
Polara US8202178 Fig18,Titleist Pro V1 (c.2008-10),130000,0.32,,0.342,,,"pooled Re 89400-195200 cluster median","IQR 0.335-0.350"
Polara US8202178 Fig18,Titleist Pro V1 (c.2008-10),130000,0.36,,0.349,,,"pooled Re 89400-195200 cluster median","IQR 0.343-0.354"
Polara US8202178 Fig18,Titleist Pro V1 (c.2008-10),130000,0.38,,0.355,,,"pooled Re 89400-195200 cluster median","IQR 0.351-0.360"
Polara US8202178 Fig17,Aero-X 173 prototype,49300,0.0396,,-0.142,,,"wind tunnel spindle; marker centroid after grid erase","+-0.003 S, +-0.005 CL"
Polara US8202178 Fig17,Aero-X 173 prototype,49300,0.0463,,-0.166,,,"wind tunnel spindle; marker centroid","+-0.003 S, +-0.005 CL"
Polara US8202178 Fig17,Aero-X 173 prototype,49300,0.0771,,-0.165,,,"wind tunnel spindle; marker centroid (S 0.055-0.10 markers merged; visually -0.15 to -0.17)","+-0.003 S, +-0.005 CL"
Polara US8202178 Fig17,Aero-X 173 prototype,49300,0.1085,,-0.142,,,"wind tunnel spindle; marker centroid","+-0.003 S, +-0.005 CL"
Polara US8202178 Fig17,Aero-X 173 prototype,49300,0.1226,,-0.145,,,"wind tunnel spindle; marker centroid","+-0.003 S, +-0.005 CL"
Polara US8202178 Fig17,Aero-X 173 prototype,49300,0.1365,,-0.135,,,"wind tunnel spindle; marker centroid","+-0.003 S, +-0.005 CL"
Polara US8202178 Fig17,Aero-X 173 prototype,49300,0.1524,,-0.122,,,"wind tunnel spindle; marker centroid","+-0.003 S, +-0.005 CL"
Polara US8202178 Fig17,Aero-X 173 prototype,49300,0.1596,,-0.077,,,"wind tunnel spindle; marker centroid","+-0.003 S, +-0.005 CL"
Polara US8202178 Fig17,Aero-X 173 prototype,49300,0.1658,,-0.057,,,"wind tunnel spindle; marker centroid","+-0.003 S, +-0.005 CL"
Polara US8202178 Fig17,Aero-X 173 prototype,49300,0.1723,,0.025,,,"wind tunnel spindle; marker centroid","+-0.003 S, +-0.005 CL"
Polara US8202178 Fig17,Aero-X 173 prototype,49300,0.1865,,0.038,,,"wind tunnel spindle; marker centroid","+-0.003 S, +-0.005 CL"
Polara US8202178 Fig17,Aero-X 173 prototype,49300,0.1934,,0.093,,,"wind tunnel spindle; marker centroid","+-0.003 S, +-0.005 CL"
Polara US8202178 Fig17,Aero-X 173 prototype,49300,0.2090,,0.115,,,"wind tunnel spindle; marker centroid","+-0.003 S, +-0.005 CL"
Polara US8202178 Fig17,Aero-X 173 prototype,49300,0.2343,,0.143,,,"wind tunnel spindle; marker centroid","+-0.003 S, +-0.005 CL"
Polara US8202178 Fig17,Aero-X 173 prototype,49300,0.2544,,0.153,,,"wind tunnel spindle; marker centroid","+-0.003 S, +-0.005 CL"
Polara US8202178 Fig17,Aero-X 173 prototype,49300,0.2811,,0.169,,,"wind tunnel spindle; marker centroid","+-0.003 S, +-0.005 CL"
Polara US8202178 Fig17,Aero-X 173 prototype,49300,0.3014,,0.194,,,"wind tunnel spindle; marker centroid","+-0.003 S, +-0.005 CL"
Polara US8202178 Fig17,Aero-X 173 prototype,49300,0.3234,,0.223,,,"wind tunnel spindle; marker centroid","+-0.003 S, +-0.005 CL"
Polara US8202178 Fig17,Aero-X 173 prototype,49300,0.3423,,0.237,,,"wind tunnel spindle; marker centroid","+-0.003 S, +-0.005 CL"
Polara US8202178 Fig17,Aero-X 173 prototype,49300,0.3627,,0.248,,,"wind tunnel spindle; marker centroid","+-0.003 S, +-0.005 CL"
Polara US8202178 Fig17,Aero-X 173 prototype,49300,0.3861,,0.262,,,"wind tunnel spindle; marker centroid","+-0.003 S, +-0.005 CL"
Polara US8202178 Fig17,Aero-X 173 prototype,130000,0.05,,0.118,,,"pooled Re 69000-221700 cluster; median ink-pixel CL (Re column = nominal midpoint)","IQR 0.111-0.127"
Polara US8202178 Fig17,Aero-X 173 prototype,130000,0.10,,0.146,,,"pooled cluster median","IQR 0.133-0.157"
Polara US8202178 Fig17,Aero-X 173 prototype,130000,0.15,,0.176,,,"pooled cluster median","IQR 0.167-0.186"
Polara US8202178 Fig17,Aero-X 173 prototype,130000,0.20,,0.203,,,"pooled cluster median","IQR 0.196-0.209"
Polara US8202178 Fig17,Aero-X 173 prototype,130000,0.25,,0.225,,,"pooled cluster median","IQR 0.219-0.230"
Polara US8202178 Fig17,Aero-X 173 prototype,130000,0.30,,0.253,,,"pooled cluster median","IQR 0.246-0.259"
Polara US8202178 Fig17,Aero-X 173 prototype,130000,0.35,,0.270,,,"pooled cluster median","IQR 0.265-0.278"
Polara US8202178 Fig17,Aero-X 173 prototype,130000,0.38,,0.281,,,"pooled cluster median","IQR 0.275-0.289"
Polara US8202178 Fig6+5,TopFlite XL Straight (2-pc Surlyn),170000,0.124,,0.19,,,"TrackMan Net 3-radar in-flight CL vs Re, robot driver; mean of 2 curves; S derived = 6.15*rpm/Re (nu 1.55e-5 assumed, air state not stated) with Fig5 spin","CL +-0.005 visual; S +-0.01; curves are fitted, not raw"
Polara US8202178 Fig6+5,TopFlite XL Straight (2-pc Surlyn),140000,0.148,,0.226,,,"TrackMan Net in-flight; mean of 2 curves; S derived","CL +-0.005; S +-0.01"
Polara US8202178 Fig6+5,TopFlite XL Straight (2-pc Surlyn),120000,0.170,,0.253,,,"TrackMan Net in-flight; mean of 2 curves; S derived","CL +-0.005; S +-0.01"
Polara US8202178 Fig6+5,TopFlite XL Straight (2-pc Surlyn),100000,0.198,,0.288,,,"TrackMan Net in-flight; mean of 2 curves; S derived","CL +-0.005; S +-0.01"
Polara US8202178 Fig6+5,TopFlite XL Straight (2-pc Surlyn),90000,0.216,,0.303,,,"TrackMan Net in-flight; mean of 2 curves; S derived","CL +-0.005; S +-0.01"
Polara US8202178 Fig6+5,TopFlite XL Straight (2-pc Surlyn),80000,0.238,,0.322,,,"TrackMan Net in-flight; mean of 2 curves; S derived","CL +-0.005; S +-0.01"
Polara US8202178 Fig6+5,TopFlite XL Straight (2-pc Surlyn),72000,0.255,,0.330,,,"TrackMan Net in-flight; CL peak of both curves (Re 70-75k); S derived","CL +-0.005; S +-0.015"
Polara US8202178 Fig6+7,TopFlite XL Straight (2-pc Surlyn),69000,0.26,,0.25,,,"TrackMan Net in-flight; END of curve 1 (t 5.05 s) after CL falls 0.327->0.25 at near-constant Re (descent, speed past its minimum)","CL +-0.005; Re +-1000; end-of-track fit, suggestive only"
Polara US8202178 Fig6+7,TopFlite XL Straight (2-pc Surlyn),69000,0.26,,0.272,,,"TrackMan Net in-flight; END of curve 2 (t 5.2 s) after CL falls 0.333->0.272","CL +-0.005; end-of-track fit, suggestive only"
Polara US8202178 Fig6+5,Aero-X B2 prototype (273 dimples),170000,0.126,,0.157,,,"TrackMan Net in-flight; mean of 2 curves; S derived","CL +-0.005; S +-0.01"
Polara US8202178 Fig6+5,Aero-X B2 prototype (273 dimples),140000,0.148,,0.188,,,"TrackMan Net in-flight; mean of 2 curves; S derived","CL +-0.005; S +-0.01"
Polara US8202178 Fig6+5,Aero-X B2 prototype (273 dimples),120000,0.169,,0.213,,,"TrackMan Net in-flight; mean of 2 curves; S derived","CL +-0.005; S +-0.01"
Polara US8202178 Fig6+5,Aero-X B2 prototype (273 dimples),100000,0.195,,0.240,,,"TrackMan Net in-flight; mean of 2 curves; S derived","CL +-0.005; S +-0.01"
Polara US8202178 Fig6+5,Aero-X B2 prototype (273 dimples),84000,0.22,,0.257,,,"TrackMan Net in-flight; CL peak (0.248 and 0.266 at Re 83-86k); S derived","CL +-0.005; S +-0.015"
Polara US8202178 Fig6+7,Aero-X B2 prototype (273 dimples),74500,0.235,,0.207,,,"TrackMan Net in-flight; END of curves (t 4.4-4.5 s; 0.198 and 0.216) after ~20% fall from peak","CL +-0.005; end-of-track fit, suggestive only"
Polara US8202178 Fig8+5,TopFlite XL Straight (2-pc Surlyn),170000,0.124,0.260,,,,"TrackMan Net in-flight CD vs Re; mean of 2 curves; S derived","CD +-0.003 visual"
Polara US8202178 Fig8+5,TopFlite XL Straight (2-pc Surlyn),140000,0.148,0.280,,,,"TrackMan Net in-flight CD vs Re; mean of 2 curves","CD +-0.003"
Polara US8202178 Fig8+5,TopFlite XL Straight (2-pc Surlyn),120000,0.170,0.297,,,,"TrackMan Net in-flight CD vs Re; mean of 2 curves","CD +-0.003"
Polara US8202178 Fig8+5,TopFlite XL Straight (2-pc Surlyn),100000,0.198,0.326,,,,"TrackMan Net in-flight CD vs Re; mean of 2 curves (0.318/0.334)","CD +-0.003"
Polara US8202178 Fig8+5,TopFlite XL Straight (2-pc Surlyn),90000,0.216,0.343,,,,"TrackMan Net in-flight CD vs Re; mean of 2 curves (0.333/0.352)","CD +-0.003"
Polara US8202178 Fig8+5,TopFlite XL Straight (2-pc Surlyn),80000,0.238,0.359,,,,"TrackMan Net in-flight CD vs Re; mean of 2 curves (0.350/0.367); axis stops at 80k","CD +-0.003"
Polara US8202178 Fig8+5,Aero-X B2 prototype (273 dimples),170000,0.126,0.258,,,,"TrackMan Net in-flight CD vs Re; mean of 2 curves","CD +-0.003"
Polara US8202178 Fig8+5,Aero-X B2 prototype (273 dimples),140000,0.148,0.274,,,,"TrackMan Net in-flight CD vs Re","CD +-0.003"
Polara US8202178 Fig8+5,Aero-X B2 prototype (273 dimples),120000,0.169,0.285,,,,"TrackMan Net in-flight CD vs Re","CD +-0.003"
Polara US8202178 Fig8+5,Aero-X B2 prototype (273 dimples),100000,0.195,0.297,,,,"TrackMan Net in-flight CD vs Re","CD +-0.003"
Polara US8202178 Fig8+5,Aero-X B2 prototype (273 dimples),80000,0.227,0.325,,,,"TrackMan Net in-flight CD vs Re (0.320/0.330)","CD +-0.003"
Polara US8202178 Fig9,TopFlite XL Straight (2-pc Surlyn),,,,,CD peak in flight (t s),0.366-0.371 at t 3.2-4.2 s,"TrackMan Net in-flight CD vs time; falls to 0.323-0.350 by end (5.05-5.2 s)","+-0.003"
Polara US8202178 Fig9,Aero-X B2 prototype (273 dimples),,,,,CD at end of flight,0.333-0.372 at t 4.4-4.5 s,"TrackMan Net in-flight CD vs time; still rising at end","+-0.003"
Polara US8202178 Fig7,TopFlite XL Straight (2-pc Surlyn),,,,,CL peak time / flight time,3.3-3.75 s of 5.05-5.2 s (65-72%),"TrackMan Net in-flight CL vs time; robot driver","+-0.1 s"
Polara US8202178 Fig7,Aero-X B2 prototype (273 dimples),,,,,CL peak time / flight time,2.75-3.0 s of 4.4-4.5 s (62-67%),"TrackMan Net in-flight CL vs time; robot driver","+-0.1 s"
Polara US8202178 Fig5,TopFlite XL Straight (2-pc Surlyn),,,,,spin vs Re through flight (rpm),"3385-3490 at Re 170k; 2980-3200 at 80k; 2840-3100 at 70k; 2800-3000 at end","TrackMan Net 3-radar spin measurement, robot driver","+-20 rpm visual"
Polara US8202178 Fig5,Aero-X B2 prototype (273 dimples),,,,,spin vs Re through flight (rpm),"3420-3530 at Re 170k; 2900-3000 at 80k; 2750-2860 at end (Re 73-76k)","TrackMan Net 3-radar spin measurement, robot driver","+-20 rpm visual"
Polara US8202178 Fig5+7,TopFlite XL Straight (2-pc Surlyn),,,,,mean spin decay rate (rpm/s) [D],"~95-115 rpm/s (3,440 -> ~2,900 over 5.05-5.2 s); 2.9-3.3 %/s of launch spin","derived: Fig5 end-of-curve spin over Fig7 flight time","+-15 rpm/s"
Polara US8202178 Fig5+7,Aero-X B2 prototype (273 dimples),,,,,mean spin decay rate (rpm/s) [D],"~150 rpm/s (3,475 -> ~2,800 over 4.4-4.5 s); 4.3 %/s of launch spin","derived: Fig5 end-of-curve spin over Fig7 flight time","+-20 rpm/s"
Acushnet US6729976 Tab3 PP,Acushnet invention (392 icosahedral dimples; 1.68 in 1.61 oz),230000,0.085,0.219,0.144,,,"indoor test range (ballistic screens) per patent; fixed ~3000 rpm sweep (S*Re const); poles-forward-backward orientation","tabulated exactly"
Acushnet US6729976 Tab3 PP,Acushnet invention (392 icosahedral dimples; 1.68 in 1.61 oz),207000,0.095,0.216,0.159,,,"indoor test range; PP orientation","tabulated"
Acushnet US6729976 Tab3 PP,Acushnet invention (392 icosahedral dimples; 1.68 in 1.61 oz),184000,0.106,0.220,0.169,,,"indoor test range; PP orientation","tabulated"
Acushnet US6729976 Tab3 PP,Acushnet invention (392 icosahedral dimples; 1.68 in 1.61 oz),161000,0.122,0.221,0.185,,,"indoor test range; PP orientation","tabulated"
Acushnet US6729976 Tab3 PP,Acushnet invention (392 icosahedral dimples; 1.68 in 1.61 oz),138000,0.142,0.232,0.202,,,"indoor test range; PP orientation","tabulated"
Acushnet US6729976 Tab3 PP,Acushnet invention (392 icosahedral dimples; 1.68 in 1.61 oz),115000,0.170,0.252,0.229,,,"indoor test range; PP orientation","tabulated"
Acushnet US6729976 Tab3 PP,Acushnet invention (392 icosahedral dimples; 1.68 in 1.61 oz),92000,0.213,0.281,0.264,,,"indoor test range; PP orientation","tabulated"
Acushnet US6729976 Tab3 PP,Acushnet invention (392 icosahedral dimples; 1.68 in 1.61 oz),69000,0.284,0.305,0.278,,,"indoor test range; PP orientation","tabulated"
Acushnet US6729976 Tab3 PH,Acushnet invention (392 icosahedral dimples; 1.68 in 1.61 oz),230000,0.085,0.217,0.138,,,"indoor test range; pole-horizontal orientation","tabulated"
Acushnet US6729976 Tab3 PH,Acushnet invention (392 icosahedral dimples; 1.68 in 1.61 oz),207000,0.095,0.214,0.154,,,"indoor test range; PH","tabulated"
Acushnet US6729976 Tab3 PH,Acushnet invention (392 icosahedral dimples; 1.68 in 1.61 oz),184000,0.106,0.216,0.166,,,"indoor test range; PH","tabulated"
Acushnet US6729976 Tab3 PH,Acushnet invention (392 icosahedral dimples; 1.68 in 1.61 oz),161000,0.122,0.221,0.181,,,"indoor test range; PH","tabulated"
Acushnet US6729976 Tab3 PH,Acushnet invention (392 icosahedral dimples; 1.68 in 1.61 oz),138000,0.142,0.233,0.199,,,"indoor test range; PH","tabulated"
Acushnet US6729976 Tab3 PH,Acushnet invention (392 icosahedral dimples; 1.68 in 1.61 oz),115000,0.170,0.252,0.228,,,"indoor test range; PH","tabulated"
Acushnet US6729976 Tab3 PH,Acushnet invention (392 icosahedral dimples; 1.68 in 1.61 oz),92000,0.213,0.285,0.270,,,"indoor test range; PH","tabulated"
Acushnet US6729976 Tab3 PH,Acushnet invention (392 icosahedral dimples; 1.68 in 1.61 oz),69000,0.284,0.309,0.290,,,"indoor test range; PH","tabulated"
Acushnet US6729976 Tab4 PP,Acushnet prior-art ball (unnamed; c.1997),230000,0.085,0.222,0.151,,,"indoor test range; PP","tabulated"
Acushnet US6729976 Tab4 PP,Acushnet prior-art ball (unnamed; c.1997),207000,0.095,0.223,0.160,,,"indoor test range; PP","tabulated"
Acushnet US6729976 Tab4 PP,Acushnet prior-art ball (unnamed; c.1997),184000,0.106,0.227,0.172,,,"indoor test range; PP","tabulated"
Acushnet US6729976 Tab4 PP,Acushnet prior-art ball (unnamed; c.1997),161000,0.122,0.233,0.188,,,"indoor test range; PP","tabulated"
Acushnet US6729976 Tab4 PP,Acushnet prior-art ball (unnamed; c.1997),138000,0.142,0.245,0.209,,,"indoor test range; PP","tabulated"
Acushnet US6729976 Tab4 PP,Acushnet prior-art ball (unnamed; c.1997),115000,0.170,0.269,0.242,,,"indoor test range; PP","tabulated"
Acushnet US6729976 Tab4 PP,Acushnet prior-art ball (unnamed; c.1997),92000,0.213,0.309,0.280,,,"indoor test range; PP","tabulated"
Acushnet US6729976 Tab4 PP,Acushnet prior-art ball (unnamed; c.1997),69000,0.284,0.308,0.270,,,"indoor test range; PP; CL FALLS 0.280->0.270 while S rises 0.213->0.284","tabulated"
Acushnet US6729976 Tab4 PH,Acushnet prior-art ball (unnamed; c.1997),230000,0.085,0.219,0.138,,,"indoor test range; PH","tabulated"
Acushnet US6729976 Tab4 PH,Acushnet prior-art ball (unnamed; c.1997),207000,0.095,0.219,0.145,,,"indoor test range; PH","tabulated"
Acushnet US6729976 Tab4 PH,Acushnet prior-art ball (unnamed; c.1997),184000,0.106,0.221,0.154,,,"indoor test range; PH","tabulated"
Acushnet US6729976 Tab4 PH,Acushnet prior-art ball (unnamed; c.1997),161000,0.122,0.225,0.166,,,"indoor test range; PH","tabulated"
Acushnet US6729976 Tab4 PH,Acushnet prior-art ball (unnamed; c.1997),138000,0.142,0.231,0.184,,,"indoor test range; PH","tabulated"
Acushnet US6729976 Tab4 PH,Acushnet prior-art ball (unnamed; c.1997),115000,0.170,0.249,0.213,,,"indoor test range; PH","tabulated"
Acushnet US6729976 Tab4 PH,Acushnet prior-art ball (unnamed; c.1997),92000,0.213,0.283,0.253,,,"indoor test range; PH","tabulated"
Acushnet US6729976 Tab4 PH,Acushnet prior-art ball (unnamed; c.1997),69000,0.284,0.337,0.308,,,"indoor test range; PH","tabulated"
Acushnet US6729976 Tab5,Acushnet prior-art ball PP,,,,,"carry yd / flight time s / impact angle deg at 168.4 mph, 8.0 deg, 3500 rpm",267.2 / 7.06 / 41.4,"patent table; measured or simulated not stated (identical launch for every ball suggests simulation from measured coefficients)","as printed"
Acushnet US6729976 Tab5,Acushnet prior-art ball PH,,,,,"carry yd / flight time s / impact angle deg at 168.4 mph, 8.0 deg, 3500 rpm",271.0 / 6.77 / 36.2,"patent table; status not stated","as printed"
Acushnet US6729976 Tab5,Acushnet invention PP,,,,,"carry yd / flight time s / impact angle deg at 168.4 mph, 8.0 deg, 3500 rpm",276.7 / 7.14 / 39.9,"patent table; status not stated","as printed"
Acushnet US6729976 Tab5,Acushnet invention PH,,,,,"carry yd / flight time s / impact angle deg at 168.4 mph, 8.0 deg, 3500 rpm",277.6 / 7.14 / 39.2,"patent table; status not stated","as printed"
Acushnet US6729976 Tab5,Acushnet prior-art ball PP,,,,,"carry yd / flight time s / impact angle deg at 145.4 mph, 8.0 deg, 3000 rpm",220.8 / 5.59 / 31.3,"patent table; status not stated","as printed"
Acushnet US6729976 Tab5,Acushnet prior-art ball PH,,,,,"carry yd / flight time s / impact angle deg at 145.4 mph, 8.0 deg, 3000 rpm",216.9 / 5.18 / 25.4,"patent table; status not stated","as printed"
Acushnet US6729976 Tab5,Acushnet invention PP,,,,,"carry yd / flight time s / impact angle deg at 145.4 mph, 8.0 deg, 3000 rpm",226.5 / 5.61 / 29.3,"patent table; status not stated","as printed"
Acushnet US6729976 Tab5,Acushnet invention PH,,,,,"carry yd / flight time s / impact angle deg at 145.4 mph, 8.0 deg, 3000 rpm",226.5 / 5.60 / 28.7,"patent table; status not stated","as printed"
Naruo2004 TransJSME-B 70:2371 eq12-14,Bridgestone Skyway SD432 (432 dimples),100000,0.05,0.218,0.120,,,"wind tunnel; ball on 0.5 mm piano wire spun to 167 rps; 4th-order fit (eqs 12-13) to data at Sp 0.03-1.13, Re 7.09e4-1.25e5 (stated Re-independent; Re column nominal)","fit evaluated; data scatter ~+-0.02 (Figs 4-5)"
Naruo2004 TransJSME-B 70:2371 eq12-14,Bridgestone Skyway SD432 (432 dimples),100000,0.1,0.236,0.171,,,"wind tunnel; ball on 0.5 mm piano wire spun to 167 rps; 4th-order fit (eqs 12-13) to data at Sp 0.03-1.13, Re 7.09e4-1.25e5 (stated Re-independent; Re column nominal)","fit evaluated; data scatter ~+-0.02 (Figs 4-5)"
Naruo2004 TransJSME-B 70:2371 eq12-14,Bridgestone Skyway SD432 (432 dimples),100000,0.15,0.256,0.215,,,"wind tunnel; ball on 0.5 mm piano wire spun to 167 rps; 4th-order fit (eqs 12-13) to data at Sp 0.03-1.13, Re 7.09e4-1.25e5 (stated Re-independent; Re column nominal)","fit evaluated; data scatter ~+-0.02 (Figs 4-5)"
Naruo2004 TransJSME-B 70:2371 eq12-14,Bridgestone Skyway SD432 (432 dimples),100000,0.2,0.279,0.254,,,"wind tunnel; ball on 0.5 mm piano wire spun to 167 rps; 4th-order fit (eqs 12-13) to data at Sp 0.03-1.13, Re 7.09e4-1.25e5 (stated Re-independent; Re column nominal)","fit evaluated; data scatter ~+-0.02 (Figs 4-5)"
Naruo2004 TransJSME-B 70:2371 eq12-14,Bridgestone Skyway SD432 (432 dimples),100000,0.25,0.303,0.286,,,"wind tunnel; ball on 0.5 mm piano wire spun to 167 rps; 4th-order fit (eqs 12-13) to data at Sp 0.03-1.13, Re 7.09e4-1.25e5 (stated Re-independent; Re column nominal)","fit evaluated; data scatter ~+-0.02 (Figs 4-5)"
Naruo2004 TransJSME-B 70:2371 eq12-14,Bridgestone Skyway SD432 (432 dimples),100000,0.3,0.327,0.314,,,"wind tunnel; ball on 0.5 mm piano wire spun to 167 rps; 4th-order fit (eqs 12-13) to data at Sp 0.03-1.13, Re 7.09e4-1.25e5 (stated Re-independent; Re column nominal)","fit evaluated; data scatter ~+-0.02 (Figs 4-5)"
Naruo2004 TransJSME-B 70:2371 eq12-14,Bridgestone Skyway SD432 (432 dimples),100000,0.4,0.373,0.357,,,"wind tunnel; ball on 0.5 mm piano wire spun to 167 rps; 4th-order fit (eqs 12-13) to data at Sp 0.03-1.13, Re 7.09e4-1.25e5 (stated Re-independent; Re column nominal)","fit evaluated; data scatter ~+-0.02 (Figs 4-5)"
Naruo2004 TransJSME-B 70:2371 eq12-14,Bridgestone Skyway SD432 (432 dimples),100000,0.5,0.414,0.388,,,"wind tunnel; ball on 0.5 mm piano wire spun to 167 rps; 4th-order fit (eqs 12-13) to data at Sp 0.03-1.13, Re 7.09e4-1.25e5 (stated Re-independent; Re column nominal)","fit evaluated; data scatter ~+-0.02 (Figs 4-5)"
Naruo2004 TransJSME-B 70:2371 eq12-14,Bridgestone Skyway SD432 (432 dimples),100000,0.6,0.446,0.409,,,"wind tunnel; ball on 0.5 mm piano wire spun to 167 rps; 4th-order fit (eqs 12-13) to data at Sp 0.03-1.13, Re 7.09e4-1.25e5 (stated Re-independent; Re column nominal)","fit evaluated; data scatter ~+-0.02 (Figs 4-5)"
Naruo2004 TransJSME-B 70:2371 eq12-14,Bridgestone Skyway SD432 (432 dimples),100000,0.76,0.480,0.432,,,"wind tunnel; ball on 0.5 mm piano wire spun to 167 rps; 4th-order fit (eqs 12-13) to data at Sp 0.03-1.13, Re 7.09e4-1.25e5 (stated Re-independent; Re column nominal)","fit evaluated; data scatter ~+-0.02 (Figs 4-5)"
Naruo2004 TransJSME-B 70:2371 eq12-14,Bridgestone Skyway SD432 (432 dimples),100000,0.9,0.497,0.447,,,"wind tunnel; ball on 0.5 mm piano wire spun to 167 rps; 4th-order fit (eqs 12-13) to data at Sp 0.03-1.13, Re 7.09e4-1.25e5 (stated Re-independent; Re column nominal)","fit evaluated; data scatter ~+-0.02 (Figs 4-5)"
Naruo2004 TransJSME-B 70:2371 eq12-14,Bridgestone Skyway SD432 (432 dimples),100000,1.0,0.509,0.458,,,"wind tunnel; ball on 0.5 mm piano wire spun to 167 rps; 4th-order fit (eqs 12-13) to data at Sp 0.03-1.13, Re 7.09e4-1.25e5 (stated Re-independent; Re column nominal)","fit evaluated; data scatter ~+-0.02 (Figs 4-5)"
Naruo2004 TransJSME-B 70:2371 eq12-14,Bridgestone Skyway SD432 (432 dimples),100000,1.13,0.535,0.475,,,"wind tunnel; ball on 0.5 mm piano wire spun to 167 rps; 4th-order fit (eqs 12-13) to data at Sp 0.03-1.13, Re 7.09e4-1.25e5 (stated Re-independent; Re column nominal)","fit evaluated; data scatter ~+-0.02 (Figs 4-5)"
Naruo2004 TransJSME-B 70:2371 eq12-14,Bridgestone Skyway SD432 (432 dimples),100000,0.05,,,torque coefficient Cm = T/(0.5 rho U^2 A d),0.00148,"wind tunnel torque from piano-wire twist, Re 3.8e4-2.29e5 (Re column nominal); eq14 fit; = 2.95x Smits-Smith 0.010*S and 2.46x Tavares 0.012*S","fit; data scatter about x1.5 (Fig 6)"
Naruo2004 TransJSME-B 70:2371 eq12-14,Bridgestone Skyway SD432 (432 dimples),100000,0.1,,,torque coefficient Cm = T/(0.5 rho U^2 A d),0.00178,"wind tunnel torque from piano-wire twist, Re 3.8e4-2.29e5 (Re column nominal); eq14 fit; = 1.78x Smits-Smith 0.010*S and 1.49x Tavares 0.012*S","fit; data scatter about x1.5 (Fig 6)"
Naruo2004 TransJSME-B 70:2371 eq12-14,Bridgestone Skyway SD432 (432 dimples),100000,0.2,,,torque coefficient Cm = T/(0.5 rho U^2 A d),0.00260,"wind tunnel torque from piano-wire twist, Re 3.8e4-2.29e5 (Re column nominal); eq14 fit; = 1.30x Smits-Smith 0.010*S and 1.08x Tavares 0.012*S","fit; data scatter about x1.5 (Fig 6)"
Naruo2004 TransJSME-B 70:2371 eq12-14,Bridgestone Skyway SD432 (432 dimples),100000,0.3,,,torque coefficient Cm = T/(0.5 rho U^2 A d),0.00380,"wind tunnel torque from piano-wire twist, Re 3.8e4-2.29e5 (Re column nominal); eq14 fit; = 1.27x Smits-Smith 0.010*S and 1.06x Tavares 0.012*S","fit; data scatter about x1.5 (Fig 6)"
Naruo2004 TransJSME-B 70:2371 eq12-14,Bridgestone Skyway SD432 (432 dimples),100000,0.5,,,torque coefficient Cm = T/(0.5 rho U^2 A d),0.00809,"wind tunnel torque from piano-wire twist, Re 3.8e4-2.29e5 (Re column nominal); eq14 fit; = 1.62x Smits-Smith 0.010*S and 1.35x Tavares 0.012*S","fit; data scatter about x1.5 (Fig 6)"
Naruo2004 TransJSME-B 70:2371 eq12-14,Bridgestone Skyway SD432 (432 dimples),100000,0.76,,,torque coefficient Cm = T/(0.5 rho U^2 A d),0.02162,"wind tunnel torque from piano-wire twist, Re 3.8e4-2.29e5 (Re column nominal); eq14 fit; = 2.84x Smits-Smith 0.010*S and 2.37x Tavares 0.012*S","fit; data scatter about x1.5 (Fig 6)"
Naruo2004 TransJSME-B 70:2371 eq12-14,Bridgestone Skyway SD432 (432 dimples),100000,1.0,,,torque coefficient Cm = T/(0.5 rho U^2 A d),0.05356,"wind tunnel torque from piano-wire twist, Re 3.8e4-2.29e5 (Re column nominal); eq14 fit; = 5.36x Smits-Smith 0.010*S and 4.46x Tavares 0.012*S","fit; data scatter about x1.5 (Fig 6)"
Watanabe2016 JSME-SHD A-24 Fig2 TMN,unknown (Dunlop-supplied TrackMan shot; ~250 m carry; apex ~27 m),195000,,0.215,0.125,,,"TrackMan's own output CD/CL along a measured driver flight (Data 1); ascent","+-0.005 visual"
Watanabe2016 JSME-SHD A-24 Fig2 TMN,unknown (Data 1 driver),160000,,0.226,0.150,,,"TrackMan output; ascent","+-0.005 visual"
Watanabe2016 JSME-SHD A-24 Fig2 TMN,unknown (Data 1 driver),140000,,0.232,0.175,,,"TrackMan output; ascent","+-0.005 visual"
Watanabe2016 JSME-SHD A-24 Fig2 TMN,unknown (Data 1 driver),120000,,0.237,0.200,,,"TrackMan output; ascent","+-0.005 visual"
Watanabe2016 JSME-SHD A-24 Fig2 TMN,unknown (Data 1 driver),100000,,0.250,0.235,,,"TrackMan output","+-0.005 visual"
Watanabe2016 JSME-SHD A-24 Fig2 TMN,unknown (Data 1 driver),87000,,0.280,0.250,,,"TrackMan output; CL peak","+-0.005 visual"
Watanabe2016 JSME-SHD A-24 Fig2 TMN,unknown (Data 1 driver),78000,,0.300,0.240,,,"TrackMan output; CD peak near minimum Re","+-0.005 visual"
Watanabe2016 JSME-SHD A-24 Fig2 TMN,unknown (Data 1 driver),79000,,0.225,0.155,,,"TrackMan output; END of flight (descent, Re rising slightly from its minimum): CL -38% and CD -25% from peak at near-constant Re","+-0.005 visual; possible wind or model-completion artefact"
Watanabe2016 JSME-SHD A-24 Fig2 est,unknown (Data 1 driver),79000,,0.215,0.14,,,"independent inverse estimate from TrackMan 3-D positions (n=5/10 quadratic windows); end of flight","+-0.015 (estimate scatter)"
Watanabe2016 JSME-SHD A-24 Fig3 TMN,unknown (Data 2 hook; ~165 m carry; apex ~28 m),160000,,0.265,0.240,,,"TrackMan output; ascent","+-0.005 visual"
Watanabe2016 JSME-SHD A-24 Fig3 TMN,unknown (Data 2 hook),120000,,0.300,0.285,,,"TrackMan output; ascent","+-0.005 visual"
Watanabe2016 JSME-SHD A-24 Fig3 TMN,unknown (Data 2 hook),100000,,0.345,0.305,,,"TrackMan output","+-0.005 visual"
Watanabe2016 JSME-SHD A-24 Fig3 TMN,unknown (Data 2 hook),90000,,0.385,0.310,,,"TrackMan output; CL peak","+-0.005 visual"
Watanabe2016 JSME-SHD A-24 Fig3 TMN,unknown (Data 2 hook),80000,,0.420,0.300,,,"TrackMan output; before minimum Re","+-0.005 visual"
Watanabe2016 JSME-SHD A-24 Fig3 TMN,unknown (Data 2 hook),68000,,0.475,0.230,,,"TrackMan output; CD peak at minimum Re","+-0.01 visual"
Watanabe2016 JSME-SHD A-24 Fig3 TMN,unknown (Data 2 hook),80000,,0.175,0.150,,,"TrackMan output; END (descent, Re back up to 8e4): at the same Re as the ascent row above CD 0.42 -> 0.175 and CL 0.30 -> 0.15","+-0.01 visual; authors attribute part of the TMN-vs-estimate gap to TrackMan assuming a 2-D trajectory"
Naruo2014 JSME-SHD B-29 Fig2b,Mizuno test Golf Ball B (366 dimples; shallow 0.123 mm),70700,0.066,,0.04,,,"wind tunnel at fixed U=25 m/s; ball spun to 200 rps by air jet then spin decays freely while forces are logged (CL vs Sp sweep); Re from nu 1.51e-5 assumed","+-0.02 CL, +-10% Sp (low-res log-axis figure read visually)"
Naruo2014 JSME-SHD B-29 Fig2b,Mizuno test Golf Ball B (366 dimples; shallow 0.123 mm),70700,0.176,,0.03,,,"same; trough end","+-0.02 CL, +-10% Sp"
Naruo2014 JSME-SHD B-29 Fig2b,Mizuno test Golf Ball B (366 dimples; shallow 0.123 mm),70700,0.20,,0.10,,,"same; >=30 m/s curve here ~0.25","+-0.02 CL, +-10% Sp"
Naruo2014 JSME-SHD B-29 Fig2b,Mizuno test Golf Ball B (366 dimples; shallow 0.123 mm),70700,0.25,,0.18,,,"same","+-0.02 CL, +-10% Sp"
Naruo2014 JSME-SHD B-29 Fig2b,Mizuno test Golf Ball B (366 dimples; shallow 0.123 mm),70700,0.30,,0.27,,,"same; >=30 m/s curve ~0.31","+-0.02 CL, +-10% Sp"
Naruo2014 JSME-SHD B-29 Fig2b,Mizuno test Golf Ball B (366 dimples; shallow 0.123 mm),70700,0.40,,0.31,,,"same","+-0.02 CL, +-10% Sp"
Naruo2014 JSME-SHD B-29 Fig2b,Mizuno test Golf Ball B (366 dimples; shallow 0.123 mm),70700,0.48,,0.35,,,"same; rejoins the >=30 m/s curve near Sp 0.45-0.5","+-0.02 CL, +-10% Sp"
Naruo2014 JSME-SHD B-29 Fig2b,Mizuno test Golf Ball B (366 dimples; shallow 0.123 mm),130000,0.06,,0.15,,,"pooled 35-44 m/s (Re-independent) curve for comparison","+-0.02 CL"
Naruo2014 JSME-SHD B-29 Fig2b,Mizuno test Golf Ball B (366 dimples; shallow 0.123 mm),130000,0.10,,0.20,,,"pooled 35-44 m/s curve","+-0.02 CL"
Naruo2014 JSME-SHD B-29 Fig2b,Mizuno test Golf Ball B (366 dimples; shallow 0.123 mm),130000,0.20,,0.25,,,"pooled 35-44 m/s curve","+-0.02 CL"
Naruo2014 JSME-SHD B-29 Fig2b,Mizuno test Golf Ball B (366 dimples; shallow 0.123 mm),130000,0.30,,0.31,,,"pooled 35-44 m/s curve","+-0.02 CL"
Naruo2014 JSME-SHD B-29 Fig2b,Mizuno test Golf Ball B (366 dimples; shallow 0.123 mm),130000,0.40,,0.36,,,"pooled 35-44 m/s curve","+-0.02 CL"
GolfDigest robot driver test (via Australian Golf Digest reprint),Titleist ball (model not named),,,,,"carry yd / descent deg at 136.8 mph, 11.2 deg, 2468 rpm (Callaway Elyte head)",220.9 / 33.6,"swing robot (Golf Laboratories) 95 mph club speed, 54 shots/head; launch monitor not named (radar or camera unknown, so carry/descent may be model-completed); site and weather not stated","as printed; averages over 9 impact locations"
GolfDigest robot driver test (via Australian Golf Digest reprint),Titleist ball (model not named),,,,,"carry yd / descent deg at 137.5 mph, 10.7 deg, 2498 rpm (Titleist GT4 head)",220.7 / 32.1,"swing robot 95 mph; launch monitor not named","as printed"
GolfDigest robot driver test (via Australian Golf Digest reprint),Titleist ball (model not named),,,,,"carry yd / descent deg at 136.9 mph, 10.9 deg, 2402 rpm (Titleist GT3 head)",219.8 / 32.0,"swing robot 95 mph; launch monitor not named","as printed"
GolfDigest robot driver test (via Australian Golf Digest reprint),Titleist ball (model not named),,,,,"carry yd / descent deg at 137.8 mph, 9.9 deg, 3182 rpm (TaylorMade Qi10 Max head)",213.9 / 34.4,"swing robot 95 mph; launch monitor not named","as printed"
GolfDigest robot driver test (via Australian Golf Digest reprint),Titleist ball (model not named),,,,,"descent angle range across 47 heads at 134.0-138.7 mph ball speed (deg); carry range (yd)",24.6-42.2 ; 200.9-223.6,"swing robot 95 mph; heads with descent < 30 deg averaged 5.1 yd less carry than ball speed predicts","as printed"
Acushnet US8016695 Tab6B,Titleist Pro V1x (c.2008),,,,,"spin lost at 1 / 3 / 5 s, driver (% of launch spin; launch ~3,400 rpm per Fig 22)",3.1 / 8.8 / 12.8,"TrackMan radar spin measured through the flight (Figs 22-24); launch speed/angle not stated","as printed; Fig 22 curve reads ~9% at 5 s by eye"
Acushnet US8016695 Tab6B,Titleist Pro V1x (c.2008),,,,,"spin lost at 1 / 3 / 5 s, 5-iron (% of launch spin; launch ~6,400 rpm per Fig 23)",3.4 / 9.7 / 15.5,"TrackMan radar spin through the flight; curve ends near 4 s (~5,600 rpm)","as printed"
Acushnet US8016695 Tab6B,Titleist Pro V1x (c.2008),,,,,"spin lost at 1 / 3 / 5 s, 8-iron (% of launch spin; launch ~8,500 rpm per Fig 24)",3.6 / 9.0 / 13.3,"TrackMan radar spin through the flight; curve to ~5.3 s (~7,350 rpm)","as printed"
Acushnet US8016695 Tab6B [D],Titleist Pro V1x (c.2008),,,,,"mean decay rate over 5 s, driver / 5-iron / 8-iron (rpm/s)",87 / 198 / 226,"derived: Table 6B % x launch spin read from Figs 22-24","+-15%"
Acushnet US8016695 Tab6B [D],Titleist Pro V1x (c.2008),,,,,"measured 5-s spin loss / Smits-Smith lambda=2e-5 prediction, driver / 5-iron / 8-iron",~0.65 / ~0.9 / ~0.85,"derived: S-S fractional rate = lambda*v/R with assumed flight-mean speeds 45 / 40 / 35 m/s (rough)","+-0.15"
Polara US8202178 Fig20-24,Titleist Pro V1 (c.2008-10),120000,0.154,,0.206,,,"TrackMan Net 3-radar in-flight data, robot shots, 5-term regression in Re and S evaluated at 3000 rpm; S derived (nu 1.55e-5 assumed); round-1 law 0.065+0.85S gives 0.196","+-0.003 visual read of fitted curve; S +-5% (nu)"
Polara US8202178 Fig20-24,Titleist Pro V1 (c.2008-10),140000,0.132,,0.193,,,"TrackMan Net 3-radar in-flight data, robot shots, 5-term regression in Re and S evaluated at 3000 rpm; S derived (nu 1.55e-5 assumed); round-1 law 0.065+0.85S gives 0.177","+-0.003 visual read of fitted curve; S +-5% (nu)"
Polara US8202178 Fig20-24,Titleist Pro V1 (c.2008-10),160000,0.115,,0.180,,,"TrackMan Net 3-radar in-flight data, robot shots, 5-term regression in Re and S evaluated at 3000 rpm; S derived (nu 1.55e-5 assumed); round-1 law 0.065+0.85S gives 0.163","+-0.003 visual read of fitted curve; S +-5% (nu)"
Polara US8202178 Fig20-24,Titleist Pro V1 (c.2008-10),180000,0.103,,0.163,,,"TrackMan Net 3-radar in-flight data, robot shots, 5-term regression in Re and S evaluated at 3000 rpm; S derived (nu 1.55e-5 assumed); round-1 law 0.065+0.85S gives 0.152","+-0.003 visual read of fitted curve; S +-5% (nu)"
Polara US8202178 Fig20-24,Titleist Pro V1 (c.2008-10),120000,0.179,,0.232,,,"TrackMan Net 3-radar in-flight data, robot shots, 5-term regression in Re and S evaluated at 3500 rpm; S derived (nu 1.55e-5 assumed); round-1 law 0.065+0.85S gives 0.217","+-0.003 visual read of fitted curve; S +-5% (nu)"
Polara US8202178 Fig20-24,Titleist Pro V1 (c.2008-10),140000,0.154,,0.218,,,"TrackMan Net 3-radar in-flight data, robot shots, 5-term regression in Re and S evaluated at 3500 rpm; S derived (nu 1.55e-5 assumed); round-1 law 0.065+0.85S gives 0.196","+-0.003 visual read of fitted curve; S +-5% (nu)"
Polara US8202178 Fig20-24,Titleist Pro V1 (c.2008-10),160000,0.135,,0.202,,,"TrackMan Net 3-radar in-flight data, robot shots, 5-term regression in Re and S evaluated at 3500 rpm; S derived (nu 1.55e-5 assumed); round-1 law 0.065+0.85S gives 0.179","+-0.003 visual read of fitted curve; S +-5% (nu)"
Polara US8202178 Fig20-24,Titleist Pro V1 (c.2008-10),180000,0.120,,0.177,,,"TrackMan Net 3-radar in-flight data, robot shots, 5-term regression in Re and S evaluated at 3500 rpm; S derived (nu 1.55e-5 assumed); round-1 law 0.065+0.85S gives 0.167","+-0.003 visual read of fitted curve; S +-5% (nu)"
Polara US8202178 Fig20-24,Titleist Pro V1 (c.2008-10),120000,0.205,,0.255,,,"TrackMan Net 3-radar in-flight data, robot shots, 5-term regression in Re and S evaluated at 4000 rpm; S derived (nu 1.55e-5 assumed); round-1 law 0.065+0.85S gives 0.239","+-0.003 visual read of fitted curve; S +-5% (nu)"
Polara US8202178 Fig20-24,Titleist Pro V1 (c.2008-10),140000,0.176,,0.236,,,"TrackMan Net 3-radar in-flight data, robot shots, 5-term regression in Re and S evaluated at 4000 rpm; S derived (nu 1.55e-5 assumed); round-1 law 0.065+0.85S gives 0.214","+-0.003 visual read of fitted curve; S +-5% (nu)"
Polara US8202178 Fig20-24,Titleist Pro V1 (c.2008-10),160000,0.154,,0.215,,,"TrackMan Net 3-radar in-flight data, robot shots, 5-term regression in Re and S evaluated at 4000 rpm; S derived (nu 1.55e-5 assumed); round-1 law 0.065+0.85S gives 0.196","+-0.003 visual read of fitted curve; S +-5% (nu)"
Polara US8202178 Fig20-24,Titleist Pro V1 (c.2008-10),180000,0.137,,0.188,,,"TrackMan Net 3-radar in-flight data, robot shots, 5-term regression in Re and S evaluated at 4000 rpm; S derived (nu 1.55e-5 assumed); round-1 law 0.065+0.85S gives 0.181","+-0.003 visual read of fitted curve; S +-5% (nu)"
Polara US8202178 Fig20-24,Titleist Pro V1 (c.2008-10),120000,0.231,,0.276,,,"TrackMan Net 3-radar in-flight data, robot shots, 5-term regression in Re and S evaluated at 4500 rpm; S derived (nu 1.55e-5 assumed); round-1 law 0.065+0.85S gives 0.261","+-0.003 visual read of fitted curve; S +-5% (nu)"
Polara US8202178 Fig20-24,Titleist Pro V1 (c.2008-10),140000,0.198,,0.254,,,"TrackMan Net 3-radar in-flight data, robot shots, 5-term regression in Re and S evaluated at 4500 rpm; S derived (nu 1.55e-5 assumed); round-1 law 0.065+0.85S gives 0.233","+-0.003 visual read of fitted curve; S +-5% (nu)"
Polara US8202178 Fig20-24,Titleist Pro V1 (c.2008-10),160000,0.173,,0.230,,,"TrackMan Net 3-radar in-flight data, robot shots, 5-term regression in Re and S evaluated at 4500 rpm; S derived (nu 1.55e-5 assumed); round-1 law 0.065+0.85S gives 0.212","+-0.003 visual read of fitted curve; S +-5% (nu)"
Polara US8202178 Fig20-24,Titleist Pro V1 (c.2008-10),180000,0.154,,0.200,,,"TrackMan Net 3-radar in-flight data, robot shots, 5-term regression in Re and S evaluated at 4500 rpm; S derived (nu 1.55e-5 assumed); round-1 law 0.065+0.85S gives 0.196","+-0.003 visual read of fitted curve; S +-5% (nu)"
Polara US8202178 Fig20-24,Titleist Pro V1 (c.2008-10),120000,0.256,,0.294,,,"TrackMan Net 3-radar in-flight data, robot shots, 5-term regression in Re and S evaluated at 5000 rpm; S derived (nu 1.55e-5 assumed); round-1 law 0.065+0.85S gives 0.283","+-0.003 visual read of fitted curve; S +-5% (nu)"
Polara US8202178 Fig20-24,Titleist Pro V1 (c.2008-10),140000,0.220,,0.270,,,"TrackMan Net 3-radar in-flight data, robot shots, 5-term regression in Re and S evaluated at 5000 rpm; S derived (nu 1.55e-5 assumed); round-1 law 0.065+0.85S gives 0.252","+-0.003 visual read of fitted curve; S +-5% (nu)"
Polara US8202178 Fig20-24,Titleist Pro V1 (c.2008-10),160000,0.192,,0.243,,,"TrackMan Net 3-radar in-flight data, robot shots, 5-term regression in Re and S evaluated at 5000 rpm; S derived (nu 1.55e-5 assumed); round-1 law 0.065+0.85S gives 0.228","+-0.003 visual read of fitted curve; S +-5% (nu)"
Polara US8202178 Fig20-24,Titleist Pro V1 (c.2008-10),180000,0.171,,0.210,,,"TrackMan Net 3-radar in-flight data, robot shots, 5-term regression in Re and S evaluated at 5000 rpm; S derived (nu 1.55e-5 assumed); round-1 law 0.065+0.85S gives 0.210","+-0.003 visual read of fitted curve; S +-5% (nu)"
Polara US8202178 Fig20-24,TopFlite XL Straight,120000,0.154,,0.228,,,"TrackMan Net 3-radar in-flight data, robot shots, 5-term regression in Re and S evaluated at 3000 rpm; S derived (nu 1.55e-5 assumed); round-1 law 0.065+0.85S gives 0.196","+-0.003 visual read of fitted curve; S +-5% (nu)"
Polara US8202178 Fig20-24,TopFlite XL Straight,180000,0.103,,0.163,,,"TrackMan Net 3-radar in-flight data, robot shots, 5-term regression in Re and S evaluated at 3000 rpm; S derived (nu 1.55e-5 assumed); round-1 law 0.065+0.85S gives 0.152","+-0.003 visual read of fitted curve; S +-5% (nu)"
Polara US8202178 Fig20-24,TopFlite XL Straight,120000,0.256,,0.298,,,"TrackMan Net 3-radar in-flight data, robot shots, 5-term regression in Re and S evaluated at 5000 rpm; S derived (nu 1.55e-5 assumed); round-1 law 0.065+0.85S gives 0.283","+-0.003 visual read of fitted curve; S +-5% (nu)"
Polara US8202178 Fig20-24,TopFlite XL Straight,180000,0.171,,0.215,,,"TrackMan Net 3-radar in-flight data, robot shots, 5-term regression in Re and S evaluated at 5000 rpm; S derived (nu 1.55e-5 assumed); round-1 law 0.065+0.85S gives 0.210","+-0.003 visual read of fitted curve; S +-5% (nu)"
Ferguson2022 ISEA (fitted to radar carry/apex),Titleist Pro V1 (2021),,0.05,0.175,0.108,,,"S-only quadratic laws fitted (fmincon) to carry, apex, offline of 832 training shots (GCQuad launch, FlightScope X3 radar carry/apex; 190 m elevation; wind < 1.3 m/s); Re-free","fit; test MAE carry 2.51 m, apex 1.17 m; launch S 0.02-0.75"
Ferguson2022 ISEA (fitted to radar carry/apex),Titleist Pro V1 (2021),,0.1,0.215,0.159,,,"S-only quadratic laws fitted (fmincon) to carry, apex, offline of 832 training shots (GCQuad launch, FlightScope X3 radar carry/apex; 190 m elevation; wind < 1.3 m/s); Re-free","fit; test MAE carry 2.51 m, apex 1.17 m; launch S 0.02-0.75"
Ferguson2022 ISEA (fitted to radar carry/apex),Titleist Pro V1 (2021),,0.15,0.251,0.205,,,"S-only quadratic laws fitted (fmincon) to carry, apex, offline of 832 training shots (GCQuad launch, FlightScope X3 radar carry/apex; 190 m elevation; wind < 1.3 m/s); Re-free","fit; test MAE carry 2.51 m, apex 1.17 m; launch S 0.02-0.75"
Ferguson2022 ISEA (fitted to radar carry/apex),Titleist Pro V1 (2021),,0.2,0.283,0.245,,,"S-only quadratic laws fitted (fmincon) to carry, apex, offline of 832 training shots (GCQuad launch, FlightScope X3 radar carry/apex; 190 m elevation; wind < 1.3 m/s); Re-free","fit; test MAE carry 2.51 m, apex 1.17 m; launch S 0.02-0.75"
Ferguson2022 ISEA (fitted to radar carry/apex),Titleist Pro V1 (2021),,0.3,0.335,0.308,,,"S-only quadratic laws fitted (fmincon) to carry, apex, offline of 832 training shots (GCQuad launch, FlightScope X3 radar carry/apex; 190 m elevation; wind < 1.3 m/s); Re-free","fit; test MAE carry 2.51 m, apex 1.17 m; launch S 0.02-0.75"
Ferguson2022 ISEA (fitted to radar carry/apex),Titleist Pro V1 (2021),,0.4,0.370,0.348,,,"S-only quadratic laws fitted (fmincon) to carry, apex, offline of 832 training shots (GCQuad launch, FlightScope X3 radar carry/apex; 190 m elevation; wind < 1.3 m/s); Re-free","fit; test MAE carry 2.51 m, apex 1.17 m; launch S 0.02-0.75"
Ferguson2022 ISEA (fitted to radar carry/apex),Titleist Pro V1 (2021),,0.5,0.388,0.365,,,"S-only quadratic laws fitted (fmincon) to carry, apex, offline of 832 training shots (GCQuad launch, FlightScope X3 radar carry/apex; 190 m elevation; wind < 1.3 m/s); Re-free","fit; test MAE carry 2.51 m, apex 1.17 m; launch S 0.02-0.75"
Ferguson2022 ISEA (fitted to radar carry/apex),Titleist Pro V1 (2021),,0.6,0.390,0.359,,,"S-only quadratic laws fitted (fmincon) to carry, apex, offline of 832 training shots (GCQuad launch, FlightScope X3 radar carry/apex; 190 m elevation; wind < 1.3 m/s); Re-free","fit; test MAE carry 2.51 m, apex 1.17 m; launch S 0.02-0.75"
Ferguson2022 ISEA (fitted to radar carry/apex),Titleist Pro V1 (2021),,0.75,0.362,0.306,,,"S-only quadratic laws fitted (fmincon) to carry, apex, offline of 832 training shots (GCQuad launch, FlightScope X3 radar carry/apex; 190 m elevation; wind < 1.3 m/s); Re-free","fit; test MAE carry 2.51 m, apex 1.17 m; launch S 0.02-0.75"
Ferguson2022 ISEA (fitted to radar carry/apex),Titleist Pro V1 (2021),,,,,spin-decay moment coefficient C_M = g*S (g bounded 0.010-0.015),0.010 (at lower bound),"fitted jointly with CD/CL to carry/apex/offline","fit hit the bound: data prefer decay <= Smits-Smith"
Ferguson2022 ISEA (fitted to radar carry/apex),Titleist Pro V1 (2021),,,,,lift maximum of fitted law (S at max; CL max),0.524; 0.365,"derived from fitted constants: S* = -e/(2f)","[D]"
